,company,n0_rec,n0_conf,n1_rec,n1_conf,n2_rec,n2_conf,n3_rec,n3_conf,n4_rec,n4_conf,n5_rec,n5_conf,n6_rec,n6_conf,n7_rec,n7_conf,n8_rec,n8_conf,n9_rec,n9_conf,n10_rec,n10_conf,n11_rec,n11_conf,n12_rec,n12_conf,n13_rec,n13_conf,n14_rec,n14_conf,n15_rec,n15_conf,n16_rec,n16_conf,n17_rec,n17_conf,n18_rec,n18_conf,n19_rec,n19_conf,n20_rec,n20_conf,n21_rec,n21_conf,n22_rec,n22_conf,n23_rec,n23_conf,n24_rec,n24_conf
0,digital realty,charter communications,0.921608030796051,edwards lifesciences,0.8829750418663025,citigroup,0.8696582913398743,fiserv,0.7912523746490479,goldman sachs,0.7579210996627808,expedia,0.7394154071807861,morgan stanley,0.7061728835105896,thermo fisher scientific,0.6800975203514099,prudential financial,0.6757149696350098,anthem,0.6704162359237671,caterpillar,0.6647922992706299,twitter,0.653154194355011,agilent technologies,0.6408924460411072,yum brands,0.6378037929534912,pepsico,0.6163718700408936,comcast,0.6046642065048218,blackrock,0.589043140411377,visa,0.5682417154312134,eli lilly,0.5464849472045898,netflix,0.534359335899353,mastercard,0.5238678455352783,biogen,0.5165426731109619,norfolk southern,0.49629247188568115,american,0.4916083812713623,bristol myers squibb,0.4787755608558655
1,emerson electric,halliburton,0.989074170589447,schlumberger,0.9846076965332031,baker hughes,0.9839221239089966,starbucks,0.7235060930252075,exxon mobil,0.7140791416168213,devon,0.6768145561218262,nike,0.4641416072845459,pepsico,0.44174233078956604,mcdonalds,0.40818673372268677,paypal holdings,0.4040695130825043,yum brands,0.373108446598053,edwards lifesciences,0.33310094475746155,cadence design systems,0.3181620240211487,occidental petroleum,0.31725382804870605,synopsys,0.3063473701477051,valero,0.2980649471282959,marathon petroleum,0.294007807970047,chevron,0.2740498185157776,eli lilly,0.2720874547958374,advanced micro devices,0.2599751949310303,micron technology,0.2591935396194458,conocophillips,0.20825856924057007,hess,0.18732964992523193,norfolk southern,0.1674358993768692,fedex,0.1673291176557541
2,yum brands,pepsico,0.9614157676696777,eli lilly,0.8918071985244751,starbucks,0.8562031388282776,mcdonalds,0.7579318881034851,comcast,0.7570489645004272,nike,0.7550098896026611,twitter,0.7186907529830933,bristol myers squibb,0.6682606935501099,paypal holdings,0.6643936038017273,ford motor,0.6579259634017944,caterpillar,0.6496685743331909,netflix,0.6439251899719238,digital realty,0.6378037929534912,prudential financial,0.6092610359191895,abbvie,0.5837814807891846,visa,0.5745928287506104,citigroup,0.5418611168861389,edwards lifesciences,0.5309607982635498,charter communications,0.4817793667316437,biogen,0.47890862822532654,kroger,0.46078795194625854,american express,0.4385419487953186,mastercard,0.4295006990432739,baker hughes,0.397573322057724,halliburton,0.3926808834075928
3,hess,american,0.9674863219261169,conocophillips,0.9322298169136047,occidental petroleum,0.8629648089408875,anthem,0.843055009841919,expedia,0.8326257467269897,morgan stanley,0.8010544776916504,goldman sachs,0.7640827894210815,fiserv,0.6850357055664062,blackrock,0.6556956768035889,norfolk southern,0.6472290754318237,duke,0.6472148895263672,charter communications,0.5696067810058594,edwards lifesciences,0.5584290623664856,citigroup,0.483148455619812,devon,0.4671593904495239,micron technology,0.37287190556526184,advanced micro devices,0.37242424488067627,wells fargo,0.3665236830711365,united parcel service,0.362569659948349,digital realty,0.3579689860343933,accenture,0.35473185777664185,dollar general,0.3252286911010742,valero,0.31601619720458984,marathon petroleum,0.30745136737823486,fedex,0.3029111325740814
4,dollar general,accenture,0.987991452217102,united parcel service,0.9539896249771118,fedex,0.9421124458312988,nvidia,0.7884697914123535,devon,0.7719711065292358,exxon mobil,0.7285445332527161,boeing,0.7262986302375793,intel corporation,0.6346108913421631,prudential financial,0.5274772644042969,occidental petroleum,0.5113368630409241,conocophillips,0.5080685019493103,alphabet,0.4582766890525818,mastercard,0.3891613483428955,netflix,0.33192431926727295,hess,0.3252286911010742,visa,0.27464109659194946,honeywell,0.2635243535041809,dollar tree,0.25130438804626465,microsoft,0.24895432591438293,cerner,0.23832973837852478,biogen,0.22914402186870575,cadence design systems,0.22729365527629852,berkshire hathaway,0.21804021298885345,synopsys,0.2110951989889145,american,0.20478415489196777
5,cadence design systems,synopsys,0.9992101192474365,advanced micro devices,0.5357272624969482,micron technology,0.5339123606681824,thermo fisher scientific,0.5102110505104065,norfolk southern,0.47259700298309326,devon,0.46455591917037964,honeywell,0.43530595302581787,intel corporation,0.40560463070869446,broadcom,0.3983635902404785,lockheed martin,0.37658220529556274,agilent technologies,0.37528520822525024,dominion,0.36546534299850464,arista networks,0.36486250162124634,duke,0.35551291704177856,valero,0.33434873819351196,expedia,0.33348721265792847,edwards lifesciences,0.32402917742729187,cerner,0.323275089263916,marathon petroleum,0.3183043599128723,emerson electric,0.3181620240211487,nvidia,0.3150944113731384,halliburton,0.2905431091785431,biogen,0.2840515971183777,prudential financial,0.2801291346549988,blackrock,0.27727392315864563
6,schlumberger,halliburton,0.9907633066177368,baker hughes,0.9901413917541504,emerson electric,0.9846076965332031,exxon mobil,0.758904755115509,starbucks,0.6964622139930725,devon,0.6898579597473145,nike,0.4541352093219757,pepsico,0.3995633125305176,mcdonalds,0.3904390335083008,paypal holdings,0.3815574645996094,occidental petroleum,0.3320964276790619,yum brands,0.32154378294944763,chevron,0.31351521611213684,cadence design systems,0.26336658000946045,synopsys,0.2504235506057739,advanced micro devices,0.24452045559883118,valero,0.24444329738616943,micron technology,0.24361063539981842,marathon petroleum,0.24117371439933777,boeing,0.23041346669197083,edwards lifesciences,0.2290363609790802,kroger,0.1959470808506012,conocophillips,0.19277432560920715,accenture,0.18833178281784058,fedex,0.18147994577884674
7,accenture,dollar general,0.987991452217102,united parcel service,0.9373668432235718,fedex,0.9275029897689819,nvidia,0.8235747814178467,devon,0.7628967761993408,exxon mobil,0.7284771800041199,boeing,0.6934229731559753,intel corporation,0.6732503175735474,occidental petroleum,0.577569842338562,conocophillips,0.5442251563072205,prudential financial,0.5414052605628967,alphabet,0.5198965072631836,mastercard,0.42779189348220825,netflix,0.36184486746788025,hess,0.35473185777664185,visa,0.31941577792167664,microsoft,0.3141910433769226,cerner,0.30674946308135986,honeywell,0.3035662770271301,berkshire hathaway,0.2856765389442444,dollar tree,0.2719804346561432,meta platforms,0.2634046971797943,american,0.24882090091705322,american express,0.2222946286201477,biogen,0.20524464547634125
8,amgen,bristol myers squibb,0.9071159958839417,abbvie,0.8201976418495178,abbott laboratories,0.7359492778778076,eli lilly,0.6895156502723694,blackrock,0.6676126718521118,norfolk southern,0.6638448238372803,duke,0.649231493473053,pfizer,0.6451504826545715,moderna,0.5968127846717834,philip morris,0.5606621503829956,citigroup,0.5343104600906372,comcast,0.5133572816848755,edwards lifesciences,0.4981346130371094,fiserv,0.4513317346572876,anthem,0.4378259778022766,thermo fisher scientific,0.43491703271865845,expedia,0.4168504476547241,digital realty,0.4061082899570465,morgan stanley,0.3980264663696289,qualcomm,0.39080649614334106,wells fargo,0.387338787317276,charter communications,0.3838183581829071,valero,0.38144803047180176,agilent technologies,0.3810577094554901,goldman sachs,0.3809248208999634
9,eli lilly,yum brands,0.8918071985244751,bristol myers squibb,0.8908438682556152,abbvie,0.8606286644935608,pepsico,0.8029835224151611,comcast,0.7864452600479126,starbucks,0.7375898361206055,mcdonalds,0.6923410892486572,amgen,0.6895157098770142,nike,0.624222457408905,paypal holdings,0.617712140083313,citigroup,0.5825378894805908,edwards lifesciences,0.5658892393112183,twitter,0.55366051197052,digital realty,0.5464848875999451,pfizer,0.5332877039909363,abbott laboratories,0.5307284593582153,caterpillar,0.5290758013725281,ford motor,0.4938419461250305,biogen,0.45764392614364624,agilent technologies,0.45687365531921387,thermo fisher scientific,0.4467442035675049,netflix,0.4429680109024048,charter communications,0.4308528006076813,kroger,0.4136570692062378,moderna,0.4035802483558655
10,paypal holdings,mcdonalds,0.9722067713737488,nike,0.9693524241447449,apple,0.8422867059707642,starbucks,0.7854646444320679,pepsico,0.7406964302062988,kroger,0.6976735591888428,yum brands,0.6643935441970825,ford motor,0.6179535388946533,eli lilly,0.617712140083313,abbvie,0.5700926184654236,walmart,0.49783793091773987,abbott laboratories,0.43646040558815,bristol myers squibb,0.42172279953956604,baker hughes,0.41937100887298584,emerson electric,0.4040695130825043,comcast,0.4039023816585541,halliburton,0.4006726145744324,pfizer,0.3964422941207886,chevron,0.3917686343193054,schlumberger,0.381557434797287,meta platforms,0.3789534866809845,berkshire hathaway,0.35164958238601685,philip morris,0.3044712543487549,amgen,0.2918761372566223,moderna,0.2876720130443573
11,starbucks,pepsico,0.9033819437026978,nike,0.8603287935256958,yum brands,0.8562030792236328,mcdonalds,0.8386553525924683,paypal holdings,0.7854645848274231,baker hughes,0.7544674873352051,halliburton,0.744308352470398,eli lilly,0.7375898361206055,emerson electric,0.7235060930252075,schlumberger,0.6964621543884277,kroger,0.5125482082366943,ford motor,0.49626997113227844,comcast,0.47731566429138184,abbvie,0.4685060381889343,bristol myers squibb,0.46696364879608154,apple,0.45311757922172546,twitter,0.43223798274993896,edwards lifesciences,0.42710691690444946,digital realty,0.39093926548957825,citigroup,0.384881854057312,netflix,0.36611509323120117,prudential financial,0.33375364542007446,exxon mobil,0.3214717209339142,visa,0.30196458101272583,caterpillar,0.29558065533638
12,fedex,united parcel service,0.994617760181427,dollar general,0.9421124458312988,accenture,0.9275029897689819,devon,0.7264803647994995,exxon mobil,0.7048517465591431,boeing,0.6506253480911255,nvidia,0.5979252457618713,prudential financial,0.510248064994812,occidental petroleum,0.5026446580886841,conocophillips,0.49375349283218384,dollar tree,0.4358353912830353,intel corporation,0.42584386467933655,netflix,0.4051731526851654,mastercard,0.40186673402786255,visa,0.3437800407409668,hess,0.3029111325740814,american express,0.26952409744262695,chevron,0.25778084993362427,biogen,0.25412535667419434,alphabet,0.23301176726818085,american,0.20608583092689514,charter communications,0.20512710511684418,wells fargo,0.19645370543003082,schlumberger,0.18147994577884674,ford motor,0.172669917345047
13,halliburton,schlumberger,0.9907633066177368,emerson electric,0.989074170589447,baker hughes,0.9870156049728394,starbucks,0.7443084716796875,exxon mobil,0.7242656946182251,devon,0.6541963219642639,nike,0.48124557733535767,pepsico,0.47200605273246765,mcdonalds,0.41281768679618835,paypal holdings,0.40067267417907715,yum brands,0.39268091320991516,cadence design systems,0.2905431389808655,edwards lifesciences,0.2823528051376343,synopsys,0.27790719270706177,occidental petroleum,0.25889918208122253,eli lilly,0.2464987337589264,valero,0.237945556640625,marathon petroleum,0.2348235845565796,chevron,0.22737744450569153,advanced micro devices,0.21677125990390778,micron technology,0.21616947650909424,boeing,0.1919100284576416,kroger,0.17256057262420654,prudential financial,0.15883515775203705,apple,0.1551842838525772
14,netflix,visa,0.9795544147491455,mastercard,0.9482058882713318,twitter,0.9382728338241577,american express,0.9068410396575928,prudential financial,0.8493235111236572,caterpillar,0.7655863761901855,biogen,0.7544714212417603,ford motor,0.7412401437759399,comcast,0.7251226305961609,yum brands,0.6439251899719238,microsoft,0.5550395250320435,digital realty,0.534359335899353,pepsico,0.5307490229606628,charter communications,0.5250303745269775,eli lilly,0.4429680109024048,boeing,0.43700119853019714,fedex,0.4051731526851654,kroger,0.39935699105262756,dollar tree,0.3784838318824768,united parcel service,0.37208759784698486,starbucks,0.36611509323120117,accenture,0.36184486746788025,dollar general,0.33192431926727295,bristol myers squibb,0.3092131018638611,exxon mobil,0.3066384792327881
15,morgan stanley,anthem,0.9720525741577148,goldman sachs,0.9532563090324402,fiserv,0.9238039255142212,expedia,0.9186248779296875,american,0.904967188835144,charter communications,0.8298991322517395,blackrock,0.8290595412254333,citigroup,0.8207482099533081,hess,0.8010544776916504,edwards lifesciences,0.7785747647285461,duke,0.7541214227676392,norfolk southern,0.7132968306541443,digital realty,0.7061728239059448,occidental petroleum,0.6664454936981201,conocophillips,0.6400609612464905,wells fargo,0.4520881175994873,amgen,0.3980264663696289,thermo fisher scientific,0.3732015788555145,agilent technologies,0.32058268785476685,bristol myers squibb,0.20969471335411072,prudential financial,0.19382807612419128,micron technology,0.18670740723609924,advanced micro devices,0.18309003114700317,pepsico,0.17831122875213623,twitter,0.17498460412025452
16,twitter,visa,0.9397146701812744,netflix,0.9382728338241577,caterpillar,0.8882255554199219,american express,0.8842596411705017,mastercard,0.8834103345870972,prudential financial,0.8059946894645691,comcast,0.7747942805290222,ford motor,0.7729669809341431,biogen,0.7256995439529419,yum brands,0.7186907529830933,digital realty,0.653154194355011,pepsico,0.6354798674583435,charter communications,0.5981646776199341,microsoft,0.5862884521484375,eli lilly,0.55366051197052,bristol myers squibb,0.4819784462451935,starbucks,0.43223801255226135,kroger,0.424578458070755,mcdonalds,0.3858812749385834,nike,0.35921722650527954,citigroup,0.33219078183174133,edwards lifesciences,0.3178158700466156,abbvie,0.2941226363182068,dollar tree,0.2902606725692749,walmart,0.2699444890022278
17,citigroup,edwards lifesciences,0.9503952264785767,digital realty,0.8696582913398743,goldman sachs,0.8492615222930908,charter communications,0.834659993648529,fiserv,0.8318988680839539,morgan stanley,0.8207483291625977,expedia,0.7996748685836792,anthem,0.7756240963935852,blackrock,0.6974791288375854,agilent technologies,0.6966302394866943,thermo fisher scientific,0.6888351440429688,duke,0.6253902912139893,american,0.6188864707946777,norfolk southern,0.5859835147857666,eli lilly,0.5825378894805908,pepsico,0.5532394647598267,yum brands,0.5418611168861389,amgen,0.534310519695282,bristol myers squibb,0.5122237205505371,hess,0.483148455619812,starbucks,0.3848819136619568,abbvie,0.375363826751709,comcast,0.36302512884140015,caterpillar,0.3523613214492798,twitter,0.33219078183174133
18,american express,visa,0.9529193639755249,mastercard,0.9137890338897705,netflix,0.9068409204483032,twitter,0.8842595815658569,biogen,0.7818328142166138,caterpillar,0.7383279800415039,comcast,0.7127052545547485,ford motor,0.6840132474899292,prudential financial,0.679810643196106,dollar tree,0.5910380482673645,microsoft,0.5709561109542847,qualcomm,0.5131084322929382,charter communications,0.5068986415863037,digital realty,0.4711386561393738,wells fargo,0.4544154107570648,kroger,0.45205166935920715,yum brands,0.4385419487953186,charles schwab,0.3953379690647125,boeing,0.37979090213775635,bristol myers squibb,0.3577425479888916,eli lilly,0.35292160511016846,northrop grumman,0.30734682083129883,dominion,0.30584001541137695,pfizer,0.3039150834083557,lockheed martin,0.3016013503074646
19,northrop grumman,lockheed martin,0.9755849838256836,dominion,0.9711729288101196,boeing,0.7053778171539307,biogen,0.6694098711013794,comcast,0.3563559651374817,american express,0.30734682083129883,moderna,0.30225419998168945,mastercard,0.29798057675361633,valero,0.2880343794822693,marathon petroleum,0.28787466883659363,philip morris,0.2841401696205139,netflix,0.2730242609977722,advanced micro devices,0.23286738991737366,micron technology,0.23029354214668274,visa,0.22814343869686127,prudential financial,0.21310806274414062,cadence design systems,0.19566386938095093,synopsys,0.18738971650600433,devon,0.18205031752586365,twitter,0.17257428169250488,vmware,0.15194852650165558,pfizer,0.14929607510566711,abbott laboratories,0.14197660982608795,dollar general,0.13653624057769775,exxon mobil,0.12815862894058228
20,pfizer,abbott laboratories,0.9625034332275391,philip morris,0.9357834458351135,moderna,0.9191280007362366,abbvie,0.859447717666626,qualcomm,0.7715154886245728,charles schwab,0.7078181505203247,bristol myers squibb,0.6507130861282349,amgen,0.6451505422592163,dollar tree,0.636215090751648,comcast,0.601992130279541,wells fargo,0.5767494440078735,kroger,0.5757549405097961,eli lilly,0.533287763595581,chevron,0.47434860467910767,mcdonalds,0.4272567629814148,ford motor,0.4104347229003906,biogen,0.39706408977508545,paypal holdings,0.3964422941207886,apple,0.31279295682907104,american express,0.3039151132106781,nike,0.27909183502197266,caterpillar,0.26317062973976135,oracle,0.24670474231243134,dominion,0.23983080685138702,yum brands,0.2314671128988266
21,visa,netflix,0.9795544147491455,mastercard,0.9682411551475525,american express,0.9529193639755249,twitter,0.9397146701812744,prudential financial,0.8108080625534058,caterpillar,0.7729803323745728,biogen,0.7453302145004272,ford motor,0.7355169057846069,comcast,0.7022513747215271,microsoft,0.5853583812713623,charter communications,0.5846765041351318,yum brands,0.5745928287506104,digital realty,0.5682417154312134,pepsico,0.4649876356124878,dollar tree,0.4320775270462036,kroger,0.41232720017433167,boeing,0.39614439010620117,eli lilly,0.39242249727249146,fedex,0.3437800407409668,qualcomm,0.32197606563568115,accenture,0.31941577792167664,wells fargo,0.3181454539299011,united parcel service,0.31576013565063477,bristol myers squibb,0.30560287833213806,starbucks,0.30196458101272583
22,charles schwab,qualcomm,0.9555438756942749,wells fargo,0.8681905269622803,dollar tree,0.8674540519714355,chevron,0.8285337686538696,pfizer,0.7078182697296143,abbott laboratories,0.6992176175117493,kroger,0.6648122668266296,oracle,0.6550352573394775,philip morris,0.5741813778877258,berkshire hathaway,0.5464354157447815,vmware,0.5162581205368042,moderna,0.5065367221832275,abbvie,0.43695658445358276,ford motor,0.3982114791870117,micron technology,0.39658647775650024,advanced micro devices,0.39631450176239014,american express,0.3953379988670349,cerner,0.3728347420692444,walmart,0.34845924377441406,apple,0.32943832874298096,conocophillips,0.31375548243522644,microsoft,0.3032273054122925,meta platforms,0.29836970567703247,comcast,0.2925247550010681,amgen,0.2898278534412384
23,comcast,biogen,0.8747499585151672,eli lilly,0.7864453196525574,twitter,0.7747942805290222,caterpillar,0.7693683505058289,yum brands,0.7570489645004272,bristol myers squibb,0.7386329174041748,ford motor,0.7381089925765991,netflix,0.7251226902008057,abbvie,0.7175537943840027,american express,0.7127053737640381,prudential financial,0.7116469144821167,visa,0.7022514343261719,pepsico,0.6089862585067749,digital realty,0.6046642065048218,pfizer,0.601992130279541,abbott laboratories,0.5991655588150024,mastercard,0.5820345878601074,kroger,0.5400540232658386,moderna,0.5312707424163818,mcdonalds,0.5274568200111389,charter communications,0.5154873132705688,amgen,0.5133573412895203,philip morris,0.5119031071662903,starbucks,0.47731566429138184,qualcomm,0.4700326919555664
24,fiserv,expedia,0.9500165581703186,anthem,0.929248571395874,morgan stanley,0.9238039255142212,blackrock,0.8934975862503052,goldman sachs,0.8868194818496704,citigroup,0.8318988084793091,charter communications,0.8270593285560608,edwards lifesciences,0.806809663772583,duke,0.7934051752090454,american,0.7925732135772705,digital realty,0.7912522554397583,norfolk southern,0.7660229802131653,hess,0.6850356459617615,thermo fisher scientific,0.5674430727958679,agilent technologies,0.5228078365325928,conocophillips,0.4591391980648041,occidental petroleum,0.4554663896560669,amgen,0.4513317048549652,caterpillar,0.3068976402282715,prudential financial,0.3060988783836365,bristol myers squibb,0.28336888551712036,twitter,0.24876636266708374,wells fargo,0.22844025492668152,valero,0.20386676490306854,marathon petroleum,0.19911286234855652
25,charter communications,digital realty,0.921608030796051,goldman sachs,0.8982222080230713,edwards lifesciences,0.8351408243179321,citigroup,0.834659993648529,morgan stanley,0.829899251461029,fiserv,0.8270593881607056,expedia,0.8225027322769165,anthem,0.8135559558868408,american,0.6823757886886597,prudential financial,0.6409902572631836,blackrock,0.6333515048027039,twitter,0.5981646776199341,visa,0.5846765041351318,hess,0.5696067810058594,caterpillar,0.5575823783874512,mastercard,0.5550508499145508,netflix,0.5250303745269775,comcast,0.5154873132705688,american express,0.5068987011909485,norfolk southern,0.5063506960868835,wells fargo,0.5001579523086548,occidental petroleum,0.4961051344871521,duke,0.49100014567375183,thermo fisher scientific,0.48834022879600525,yum brands,0.48177939653396606
26,arista networks,broadcom,0.9832202196121216,honeywell,0.9599179029464722,cerner,0.8592586517333984,alphabet,0.8424520492553711,vmware,0.8038209080696106,meta platforms,0.7458475828170776,microsoft,0.7339441180229187,oracle,0.6810230016708374,walmart,0.673741340637207,intel corporation,0.6186690926551819,berkshire hathaway,0.6012840867042542,nvidia,0.5399549603462219,apple,0.4583999514579773,cadence design systems,0.36486244201660156,synopsys,0.3647116422653198,valero,0.3060334324836731,marathon petroleum,0.30236127972602844,prudential financial,0.26055848598480225,ford motor,0.24256488680839539,caterpillar,0.24083811044692993,accenture,0.16423162817955017,dominion,0.14339092373847961,mastercard,0.13323670625686646,norfolk southern,0.12765762209892273,dollar general,0.12036756426095963
27,dominion,lockheed martin,0.9890138506889343,northrop grumman,0.9711730480194092,biogen,0.713824450969696,boeing,0.6724528074264526,moderna,0.4270288348197937,comcast,0.4138699471950531,philip morris,0.40637412667274475,valero,0.38117891550064087,marathon petroleum,0.37823161482810974,cadence design systems,0.36546534299850464,synopsys,0.35725945234298706,advanced micro devices,0.327634334564209,micron technology,0.3245477080345154,american express,0.30584001541137695,vmware,0.30188149213790894,mastercard,0.2752692997455597,abbott laboratories,0.26224485039711,prudential financial,0.2541559338569641,intel corporation,0.251088947057724,netflix,0.24150410294532776,pfizer,0.23983082175254822,microsoft,0.22574037313461304,nvidia,0.21415890753269196,visa,0.21024534106254578,devon,0.20978552103042603
28,philip morris,moderna,0.9931740760803223,pfizer,0.9357833862304688,abbott laboratories,0.9273651242256165,abbvie,0.7411816120147705,qualcomm,0.5948401689529419,charles schwab,0.574181318283081,amgen,0.5606621503829956,bristol myers squibb,0.5300357341766357,comcast,0.5119030475616455,dollar tree,0.45373573899269104,kroger,0.4121268391609192,dominion,0.4063740372657776,biogen,0.38696980476379395,eli lilly,0.3736276626586914,lockheed martin,0.3528234362602234,wells fargo,0.35237839818000793,paypal holdings,0.3044712245464325,chevron,0.3007936477661133,mcdonalds,0.2945360839366913,vmware,0.2892584800720215,advanced micro devices,0.28549501299858093,northrop grumman,0.2841401696205139,micron technology,0.28250396251678467,oracle,0.2794167697429657,apple,0.2758179306983948
29,advanced micro devices,micron technology,0.9999295473098755,cadence design systems,0.535727322101593,synopsys,0.5274823307991028,conocophillips,0.46094000339508057,chevron,0.4563242793083191,devon,0.42397341132164,charles schwab,0.39631450176239014,qualcomm,0.3925302028656006,norfolk southern,0.38810938596725464,hess,0.37242430448532104,berkshire hathaway,0.36650776863098145,wells fargo,0.36313995718955994,dollar tree,0.35517582297325134,lockheed martin,0.34683793783187866,abbott laboratories,0.3464801609516144,dominion,0.327634334564209,vmware,0.31020915508270264,american,0.3073580265045166,edwards lifesciences,0.29586702585220337,expedia,0.2878672778606415,philip morris,0.2854950726032257,duke,0.28017961978912354,kroger,0.2701413035392761,oracle,0.26556435227394104,moderna,0.26033371686935425
30,thermo fisher scientific,agilent technologies,0.9747410416603088,edwards lifesciences,0.7490822076797485,citigroup,0.6888351440429688,digital realty,0.6800975203514099,fiserv,0.5674431324005127,expedia,0.5572136640548706,synopsys,0.5111864805221558,cadence design systems,0.5102109909057617,norfolk southern,0.5005913972854614,charter communications,0.48834022879600525,blackrock,0.4657008647918701,duke,0.44762012362480164,eli lilly,0.44674423336982727,comcast,0.44321197271347046,amgen,0.43491703271865845,bristol myers squibb,0.4257858693599701,anthem,0.42280468344688416,goldman sachs,0.4007132053375244,morgan stanley,0.3732016086578369,yum brands,0.3626704812049866,biogen,0.36110496520996094,pepsico,0.35614681243896484,prudential financial,0.3494548797607422,abbvie,0.3448847532272339,caterpillar,0.3438735604286194
31,boeing,dollar general,0.7262986898422241,lockheed martin,0.7076053619384766,northrop grumman,0.7053779363632202,accenture,0.6934230327606201,devon,0.6861922740936279,exxon mobil,0.6774258017539978,dominion,0.6724528074264526,fedex,0.6506253480911255,united parcel service,0.6465674638748169,nvidia,0.5702713131904602,mastercard,0.5307568311691284,biogen,0.5268213748931885,prudential financial,0.44443243741989136,intel corporation,0.442562073469162,netflix,0.43700122833251953,visa,0.39614441990852356,american express,0.3797909617424011,alphabet,0.2886711359024048,microsoft,0.2669675946235657,dollar tree,0.24741977453231812,advanced micro devices,0.2412470430135727,micron technology,0.24041864275932312,schlumberger,0.23041348159313202,cadence design systems,0.22368773818016052,twitter,0.2084391862154007
32,caterpillar,twitter,0.8882255554199219,visa,0.7729803323745728,comcast,0.7693682909011841,netflix,0.7655863761901855,ford motor,0.7410693764686584,american express,0.7383279800415039,prudential financial,0.71122145652771,mastercard,0.6903809905052185,biogen,0.6822031736373901,digital realty,0.6647922992706299,yum brands,0.6496685743331909,microsoft,0.6317797899246216,pepsico,0.591231107711792,charter communications,0.5575823783874512,eli lilly,0.5290758013725281,bristol myers squibb,0.5200613737106323,kroger,0.3863288462162018,mcdonalds,0.37946468591690063,nike,0.35693037509918213,citigroup,0.3523613214492798,abbvie,0.34677088260650635,thermo fisher scientific,0.3438735604286194,amgen,0.33899372816085815,walmart,0.32725274562835693,edwards lifesciences,0.31348007917404175
33,moderna,philip morris,0.9931742548942566,pfizer,0.9191280007362366,abbott laboratories,0.9161728620529175,abbvie,0.7504774928092957,amgen,0.5968128442764282,bristol myers squibb,0.5705479383468628,qualcomm,0.5380913019180298,comcast,0.5312707424163818,charles schwab,0.5065367221832275,dominion,0.4270288348197937,biogen,0.4090959429740906,eli lilly,0.4035802483558655,dollar tree,0.3947950601577759,lockheed martin,0.37697210907936096,kroger,0.35369575023651123,northrop grumman,0.30225425958633423,wells fargo,0.29846084117889404,paypal holdings,0.2876720428466797,mcdonalds,0.274644672870636,cadence design systems,0.27283817529678345,synopsys,0.27056223154067993,advanced micro devices,0.26033374667167664,micron technology,0.25735804438591003,valero,0.25478553771972656,marathon petroleum,0.24998953938484192
34,conocophillips,hess,0.9322298169136047,occidental petroleum,0.9251683354377747,american,0.8889784812927246,anthem,0.6865413784980774,morgan stanley,0.6400610208511353,expedia,0.637856125831604,goldman sachs,0.6169803142547607,devon,0.5767464637756348,accenture,0.5442251563072205,united parcel service,0.5408875942230225,dollar general,0.5080685019493103,chevron,0.4939365088939667,fedex,0.49375349283218384,wells fargo,0.467933714389801,micron technology,0.4615222215652466,advanced micro devices,0.4609399437904358,charter communications,0.45928049087524414,fiserv,0.45913922786712646,norfolk southern,0.45427173376083374,duke,0.4193354845046997,blackrock,0.4173056483268738,exxon mobil,0.40657949447631836,edwards lifesciences,0.3926337957382202,berkshire hathaway,0.3598218560218811,nvidia,0.3430420160293579
35,dollar tree,qualcomm,0.9437189102172852,wells fargo,0.8747162222862244,charles schwab,0.8674540519714355,chevron,0.7581667900085449,kroger,0.6497747302055359,pfizer,0.636215090751648,american express,0.591038167476654,abbott laboratories,0.5544373989105225,ford motor,0.4796549081802368,comcast,0.46340465545654297,philip morris,0.4537357687950134,abbvie,0.4434760510921478,fedex,0.4358353912830353,visa,0.4320775270462036,biogen,0.42740702629089355,united parcel service,0.39826127886772156,moderna,0.3947950601577759,netflix,0.3784838318824768,micron technology,0.3579791784286499,advanced micro devices,0.35517579317092896,oracle,0.34651070833206177,mastercard,0.3412726819515228,berkshire hathaway,0.32659706473350525,twitter,0.2902606725692749,conocophillips,0.28016313910484314
36,cerner,alphabet,0.9397971630096436,vmware,0.9271650314331055,honeywell,0.9170222282409668,berkshire hathaway,0.8753871917724609,meta platforms,0.8715906739234924,oracle,0.8632251024246216,arista networks,0.859258770942688,walmart,0.8239883780479431,broadcom,0.8151499032974243,microsoft,0.7530450820922852,intel corporation,0.6766494512557983,nvidia,0.637072741985321,apple,0.5774896144866943,kroger,0.3872217833995819,charles schwab,0.3728347420692444,ford motor,0.34331029653549194,cadence design systems,0.323275089263916,synopsys,0.31825852394104004,chevron,0.3181224763393402,accenture,0.30674949288368225,valero,0.3003234267234802,marathon petroleum,0.2961682081222534,occidental petroleum,0.28636789321899414,conocophillips,0.279560923576355,advanced micro devices,0.2551812529563904
37,expedia,anthem,0.9510809183120728,fiserv,0.9500165581703186,morgan stanley,0.9186248779296875,goldman sachs,0.902256965637207,american,0.8839055299758911,blackrock,0.8782427310943604,edwards lifesciences,0.8405314087867737,hess,0.8326257467269897,charter communications,0.8225027322769165,duke,0.8124692440032959,norfolk southern,0.8098658323287964,citigroup,0.7996748089790344,digital realty,0.7394154071807861,conocophillips,0.6378560662269592,occidental petroleum,0.5787818431854248,thermo fisher scientific,0.5572136640548706,agilent technologies,0.48197561502456665,amgen,0.41685041785240173,cadence design systems,0.3334871530532837,synopsys,0.329927921295166,prudential financial,0.3042466938495636,valero,0.302386999130249,marathon petroleum,0.29465043544769287,wells fargo,0.2919440269470215,micron technology,0.29040342569351196
38,american,hess,0.9674863219261169,anthem,0.9257570505142212,morgan stanley,0.9049672484397888,conocophillips,0.8889784812927246,expedia,0.8839055299758911,goldman sachs,0.8549453020095825,occidental petroleum,0.853630542755127,fiserv,0.7925732731819153,blackrock,0.7312777042388916,duke,0.6954885721206665,norfolk southern,0.6840322017669678,charter communications,0.6823757886886597,edwards lifesciences,0.6584509015083313,citigroup,0.6188864707946777,digital realty,0.4916083812713623,wells fargo,0.42375510931015015,devon,0.3408442735671997,micron technology,0.309262752532959,advanced micro devices,0.3073579967021942,chevron,0.2809813618659973,united parcel service,0.2649810314178467,valero,0.26226311922073364,thermo fisher scientific,0.26042604446411133,marathon petroleum,0.2549830675125122,accenture,0.24882090091705322
39,prudential financial,netflix,0.8493235111236572,mastercard,0.8140798807144165,visa,0.8108080625534058,twitter,0.8059946894645691,biogen,0.7488119602203369,comcast,0.7116467952728271,caterpillar,0.71122145652771,american express,0.679810643196106,digital realty,0.6757149696350098,ford motor,0.6618362665176392,charter communications,0.6409902572631836,yum brands,0.6092610359191895,microsoft,0.5884293913841248,accenture,0.5414052605628967,pepsico,0.538670539855957,dollar general,0.5274772644042969,fedex,0.510248064994812,united parcel service,0.5047711133956909,intel corporation,0.4690535366535187,nvidia,0.46625399589538574,devon,0.4629209041595459,boeing,0.44443243741989136,edwards lifesciences,0.42406123876571655,exxon mobil,0.3923758268356323,eli lilly,0.38984233140945435
40,microsoft,meta platforms,0.823227047920227,alphabet,0.8158184885978699,walmart,0.8093208074569702,vmware,0.7856429815292358,honeywell,0.7653568983078003,cerner,0.7530449628829956,arista networks,0.7339441180229187,ford motor,0.7226318120956421,broadcom,0.7171176671981812,oracle,0.7076969146728516,intel corporation,0.6870841383934021,berkshire hathaway,0.6595817804336548,caterpillar,0.6317797899246216,nvidia,0.6131367683410645,mastercard,0.6002367734909058,prudential financial,0.5884293913841248,twitter,0.5862884521484375,visa,0.5853583812713623,american express,0.5709561109542847,netflix,0.5550395250320435,apple,0.5296503901481628,kroger,0.48928385972976685,biogen,0.4614093601703644,comcast,0.37309274077415466,accenture,0.3141910433769226
41,vmware,cerner,0.9271649122238159,oracle,0.9175119996070862,honeywell,0.8509944677352905,meta platforms,0.8039354681968689,arista networks,0.8038209080696106,alphabet,0.8012338876724243,berkshire hathaway,0.7981067895889282,walmart,0.7865875959396362,microsoft,0.7856429815292358,broadcom,0.7652068138122559,apple,0.579021692276001,intel corporation,0.5598114132881165,charles schwab,0.5162581205368042,kroger,0.4830225110054016,nvidia,0.4530355632305145,ford motor,0.4384479224681854,valero,0.34982720017433167,marathon petroleum,0.3471446633338928,chevron,0.3398245871067047,qualcomm,0.32008880376815796,abbott laboratories,0.31230103969573975,advanced micro devices,0.31020912528038025,micron technology,0.30848070979118347,dominion,0.30188146233558655,philip morris,0.2892584800720215
42,goldman sachs,morgan stanley,0.9532564878463745,anthem,0.9456630945205688,expedia,0.902256965637207,charter communications,0.8982222080230713,fiserv,0.8868196606636047,american,0.8549453020095825,citigroup,0.8492615222930908,edwards lifesciences,0.8142703175544739,hess,0.7640827894210815,digital realty,0.7579210996627808,blackrock,0.7430183291435242,duke,0.6386250257492065,occidental petroleum,0.6304011344909668,conocophillips,0.6169803142547607,norfolk southern,0.6068470478057861,wells fargo,0.5529747605323792,thermo fisher scientific,0.4007132053375244,amgen,0.3809248208999634,agilent technologies,0.36681893467903137,prudential financial,0.2852593958377838,visa,0.2761823832988739,mastercard,0.2660985589027405,twitter,0.26275813579559326,bristol myers squibb,0.2507728636264801,qualcomm,0.24195629358291626
43,synopsys,cadence design systems,0.9992100596427917,advanced micro devices,0.527482271194458,micron technology,0.5254708528518677,thermo fisher scientific,0.5111864805221558,norfolk southern,0.4762810468673706,devon,0.44510048627853394,honeywell,0.4333347678184509,intel corporation,0.3997902572154999,broadcom,0.39575719833374023,agilent technologies,0.37853533029556274,lockheed martin,0.36625227332115173,arista networks,0.3647116422653198,duke,0.3619651794433594,dominion,0.3572594225406647,expedia,0.329927921295166,valero,0.32926321029663086,cerner,0.31825846433639526,edwards lifesciences,0.31335413455963135,marathon petroleum,0.3131168484687805,nvidia,0.3069937229156494,emerson electric,0.3063473701477051,blackrock,0.2803894877433777,halliburton,0.27790719270706177,hess,0.27203619480133057,moderna,0.27056217193603516
44,duke,norfolk southern,0.9796614646911621,blackrock,0.9651255011558533,expedia,0.8124692440032959,fiserv,0.7934052348136902,anthem,0.7715198397636414,morgan stanley,0.7541214227676392,american,0.6954885721206665,edwards lifesciences,0.6574702858924866,amgen,0.6492315530776978,hess,0.6472148895263672,goldman sachs,0.6386250257492065,citigroup,0.6253902912139893,charter communications,0.49100014567375183,digital realty,0.47137001156806946,thermo fisher scientific,0.44762012362480164,bristol myers squibb,0.4219721257686615,conocophillips,0.4193354845046997,agilent technologies,0.3672093152999878,synopsys,0.3619651794433594,cadence design systems,0.35551291704177856,valero,0.348531574010849,marathon petroleum,0.3382367789745331,occidental petroleum,0.3214845061302185,advanced micro devices,0.28017956018447876,micron technology,0.2791239619255066
45,meta platforms,walmart,0.9666510224342346,berkshire hathaway,0.906965970993042,alphabet,0.9004744291305542,cerner,0.8715904951095581,microsoft,0.8232269287109375,honeywell,0.8147650957107544,vmware,0.8039354681968689,apple,0.7822735905647278,arista networks,0.7458475828170776,broadcom,0.7022722363471985,oracle,0.6918033957481384,intel corporation,0.6220879554748535,ford motor,0.5895029306411743,nvidia,0.5872831344604492,kroger,0.5627943873405457,nike,0.39961832761764526,paypal holdings,0.3789534568786621,mcdonalds,0.36338743567466736,charles schwab,0.29836970567703247,prudential financial,0.26589784026145935,cadence design systems,0.26412492990493774,caterpillar,0.26371195912361145,accenture,0.2634046673774719,synopsys,0.25686734914779663,chevron,0.24662989377975464
46,united parcel service,fedex,0.9946175813674927,dollar general,0.953989565372467,accenture,0.9373666644096375,devon,0.7376447319984436,exxon mobil,0.7104288935661316,boeing,0.6465673446655273,nvidia,0.6090824007987976,occidental petroleum,0.5465457439422607,conocophillips,0.5408874750137329,prudential financial,0.5047710537910461,intel corporation,0.4455697536468506,dollar tree,0.39826124906539917,mastercard,0.3888503611087799,netflix,0.37208759784698486,hess,0.3625696301460266,visa,0.31576013565063477,american,0.2649810314178467,alphabet,0.2497580647468567,charter communications,0.2348233461380005,american express,0.2344709038734436,chevron,0.22928845882415771,biogen,0.22400271892547607,wells fargo,0.18206654489040375,micron technology,0.1756373792886734,advanced micro devices,0.17296110093593597
47,marathon petroleum,valero,0.9997735619544983,norfolk southern,0.4427404999732971,lockheed martin,0.39677557349205017,broadcom,0.3896157145500183,amgen,0.3802632689476013,dominion,0.37823155522346497,devon,0.37012019753456116,biogen,0.36941152811050415,honeywell,0.3615074157714844,vmware,0.3471446633338928,duke,0.3382367789745331,cadence design systems,0.3183043599128723,bristol myers squibb,0.3159103989601135,prudential financial,0.3142712712287903,synopsys,0.3131168484687805,blackrock,0.312900185585022,abbott laboratories,0.31073009967803955,hess,0.30745136737823486,intel corporation,0.3060048222541809,arista networks,0.30236127972602844,comcast,0.3001108765602112,cerner,0.29616814851760864,expedia,0.29465043544769287,emerson electric,0.294007807970047,northrop grumman,0.28787466883659363
48,agilent technologies,thermo fisher scientific,0.9747410416603088,edwards lifesciences,0.7173998951911926,citigroup,0.6966302394866943,digital realty,0.6408924460411072,fiserv,0.5228078365325928,expedia,0.4819756746292114,eli lilly,0.45687368512153625,charter communications,0.4293344020843506,bristol myers squibb,0.4014720916748047,blackrock,0.3917180597782135,norfolk southern,0.3869412839412689,pepsico,0.3866390883922577,yum brands,0.38211143016815186,amgen,0.3810577094554901,synopsys,0.37853533029556274,cadence design systems,0.37528520822525024,comcast,0.3699187636375427,duke,0.3672093152999878,goldman sachs,0.36681893467903137,anthem,0.35043591260910034,morgan stanley,0.32058268785476685,caterpillar,0.3099594712257385,abbvie,0.30259543657302856,prudential financial,0.277832955121994,biogen,0.2724713683128357
49,mcdonalds,nike,0.9790523052215576,paypal holdings,0.9722068309783936,starbucks,0.8386554718017578,pepsico,0.8098732233047485,apple,0.7976309061050415,kroger,0.7789987325668335,yum brands,0.7579318881034851,ford motor,0.7271953821182251,eli lilly,0.6923412084579468,abbvie,0.6018149256706238,comcast,0.5274567604064941,walmart,0.5069661140441895,bristol myers squibb,0.4541717767715454,baker hughes,0.4432755410671234,chevron,0.43448591232299805,abbott laboratories,0.4280773401260376,pfizer,0.4272567629814148,halliburton,0.41281765699386597,emerson electric,0.40818673372268677,schlumberger,0.3904390335083008,twitter,0.3858812749385834,caterpillar,0.37946468591690063,meta platforms,0.36338746547698975,berkshire hathaway,0.31939512491226196,philip morris,0.29453611373901367
50,biogen,comcast,0.8747498989105225,american express,0.7818329334259033,netflix,0.7544714212417603,prudential financial,0.7488119602203369,visa,0.7453300952911377,twitter,0.7256995439529419,lockheed martin,0.7250503301620483,mastercard,0.724408745765686,dominion,0.7138243913650513,caterpillar,0.6822031736373901,northrop grumman,0.6694098711013794,ford motor,0.5778175592422485,boeing,0.5268212556838989,digital realty,0.5165426731109619,bristol myers squibb,0.49447959661483765,yum brands,0.4789086580276489,microsoft,0.461409330368042,eli lilly,0.45764392614364624,charter communications,0.44729647040367126,dollar tree,0.42740702629089355,moderna,0.4090958833694458,abbvie,0.4034210741519928,abbott laboratories,0.399297833442688,pfizer,0.39706408977508545,philip morris,0.38696983456611633
51,valero,marathon petroleum,0.9997736215591431,norfolk southern,0.4541972279548645,lockheed martin,0.39981651306152344,broadcom,0.39311885833740234,amgen,0.38144809007644653,dominion,0.38117891550064087,devon,0.376240074634552,biogen,0.3690357804298401,honeywell,0.3662233352661133,vmware,0.34982722997665405,duke,0.3485316038131714,cadence design systems,0.33434873819351196,synopsys,0.32926324009895325,blackrock,0.32099664211273193,hess,0.31601622700691223,bristol myers squibb,0.3146199584007263,abbott laboratories,0.31388163566589355,prudential financial,0.3125622272491455,intel corporation,0.30995625257492065,arista networks,0.30603349208831787,expedia,0.3023870289325714,cerner,0.3003234267234802,comcast,0.29879119992256165,emerson electric,0.2980650067329407,conocophillips,0.29245930910110474
52,chevron,charles schwab,0.8285337090492249,qualcomm,0.8123852014541626,wells fargo,0.799804151058197,dollar tree,0.7581667900085449,kroger,0.7226125001907349,berkshire hathaway,0.5585408210754395,conocophillips,0.4939365088939667,occidental petroleum,0.4791576564311981,pfizer,0.47434860467910767,abbott laboratories,0.4736132025718689,micron technology,0.4568742513656616,advanced micro devices,0.4563242495059967,mcdonalds,0.43448591232299805,apple,0.40389329195022583,ford motor,0.39896100759506226,paypal holdings,0.3917686343193054,oracle,0.38770797848701477,walmart,0.3643723428249359,abbvie,0.36226361989974976,baker hughes,0.3435561954975128,vmware,0.3398245871067047,nike,0.323686420917511,cerner,0.3181224465370178,schlumberger,0.31351521611213684,devon,0.31109875440597534
53,pepsico,yum brands,0.9614157676696777,starbucks,0.9033820629119873,nike,0.8307559490203857,mcdonalds,0.8098732233047485,eli lilly,0.8029835224151611,paypal holdings,0.7406964898109436,twitter,0.6354798674583435,ford motor,0.6236426830291748,digital realty,0.6163718700408936,comcast,0.6089861392974854,caterpillar,0.591231107711792,citigroup,0.5532394647598267,prudential financial,0.538670539855957,bristol myers squibb,0.5381952524185181,edwards lifesciences,0.5308166146278381,netflix,0.5307490229606628,apple,0.474163681268692,halliburton,0.47200602293014526,visa,0.4649876356124878,abbvie,0.4613095223903656,baker hughes,0.46003633737564087,kroger,0.45439788699150085,emerson electric,0.44174233078956604,charter communications,0.4390294551849365,schlumberger,0.3995633125305176
54,edwards lifesciences,citigroup,0.9503952860832214,digital realty,0.8829751014709473,expedia,0.8405314683914185,charter communications,0.8351408243179321,goldman sachs,0.8142703175544739,fiserv,0.8068097829818726,morgan stanley,0.7785748839378357,anthem,0.7597802877426147,thermo fisher scientific,0.7490822076797485,agilent technologies,0.7173998951911926,blackrock,0.6992206573486328,norfolk southern,0.6620705723762512,american,0.6584509015083313,duke,0.6574702858924866,eli lilly,0.5658892393112183,hess,0.5584291219711304,yum brands,0.5309607982635498,pepsico,0.5308166146278381,amgen,0.49813464283943176,bristol myers squibb,0.4966352581977844,comcast,0.4285171329975128,starbucks,0.42710697650909424,prudential financial,0.42406126856803894,conocophillips,0.3926337957382202,occidental petroleum,0.3794277012348175
55,micron technology,advanced micro devices,0.9999294281005859,cadence design systems,0.5339123010635376,synopsys,0.5254708528518677,conocophillips,0.4615222215652466,chevron,0.4568742513656616,devon,0.4238626956939697,charles schwab,0.39658647775650024,qualcomm,0.39408352971076965,norfolk southern,0.38687756657600403,hess,0.37287187576293945,wells fargo,0.3666454553604126,berkshire hathaway,0.36567333340644836,dollar tree,0.3579791486263275,abbott laboratories,0.34526610374450684,lockheed martin,0.34414875507354736,dominion,0.3245476484298706,american,0.309262752532959,vmware,0.3084806799888611,edwards lifesciences,0.30025771260261536,expedia,0.29040342569351196,philip morris,0.28250396251678467,duke,0.2791239619255066,kroger,0.2728337049484253,oracle,0.2644900977611542,emerson electric,0.2591935396194458
56,berkshire hathaway,meta platforms,0.9069658517837524,walmart,0.8887386918067932,cerner,0.8753870725631714,alphabet,0.8379254341125488,vmware,0.7981067895889282,oracle,0.7663586139678955,apple,0.7438371181488037,honeywell,0.7131634950637817,microsoft,0.65958172082901,kroger,0.6028427481651306,arista networks,0.6012840867042542,chevron,0.5585408210754395,charles schwab,0.5464353561401367,broadcom,0.5453501343727112,intel corporation,0.5286592841148376,nvidia,0.5022594332695007,ford motor,0.4840346574783325,advanced micro devices,0.36650773882865906,qualcomm,0.3657097816467285,micron technology,0.365673303604126,conocophillips,0.3598218560218811,occidental petroleum,0.35363638401031494,paypal holdings,0.35164955258369446,dollar tree,0.32659706473350525,mcdonalds,0.31939512491226196
57,abbott laboratories,pfizer,0.9625034332275391,philip morris,0.9273651838302612,moderna,0.9161728620529175,abbvie,0.8685487508773804,qualcomm,0.7404254674911499,amgen,0.7359492778778076,charles schwab,0.6992175579071045,bristol myers squibb,0.6899333000183105,comcast,0.5991655588150024,wells fargo,0.5728560090065002,dollar tree,0.5544373989105225,kroger,0.536580502986908,eli lilly,0.5307285189628601,chevron,0.4736132025718689,paypal holdings,0.4364604353904724,mcdonalds,0.4280773401260376,biogen,0.399297833442688,ford motor,0.37470492720603943,apple,0.3618507385253906,advanced micro devices,0.346480131149292,micron technology,0.34526610374450684,norfolk southern,0.33453279733657837,oracle,0.32640302181243896,valero,0.31388163566589355,vmware,0.31230103969573975
58,kroger,ford motor,0.8141420483589172,mcdonalds,0.7789987325668335,apple,0.7306413054466248,chevron,0.7226124405860901,walmart,0.7092900276184082,nike,0.7052072286605835,paypal holdings,0.6976735591888428,qualcomm,0.6788000464439392,charles schwab,0.6648122072219849,dollar tree,0.6497746706008911,berkshire hathaway,0.6028427481651306,pfizer,0.5757549405097961,wells fargo,0.5691020488739014,meta platforms,0.5627943873405457,comcast,0.5400539636611938,abbott laboratories,0.536580502986908,starbucks,0.5125482082366943,abbvie,0.492554247379303,microsoft,0.48928382992744446,vmware,0.4830225110054016,yum brands,0.46078795194625854,pepsico,0.45439785718917847,american express,0.45205166935920715,twitter,0.4245784282684326,eli lilly,0.4136570692062378
59,lockheed martin,dominion,0.9890138506889343,northrop grumman,0.9755849838256836,biogen,0.7250503301620483,boeing,0.7076053023338318,comcast,0.438894659280777,valero,0.39981648325920105,marathon petroleum,0.39677557349205017,moderna,0.3769720792770386,cadence design systems,0.37658220529556274,synopsys,0.36625227332115173,philip morris,0.35282349586486816,advanced micro devices,0.34683793783187866,micron technology,0.34414875507354736,american express,0.3016013503074646,mastercard,0.296152800321579,prudential financial,0.2948681712150574,devon,0.2926349639892578,netflix,0.2721985876560211,visa,0.23192645609378815,abbott laboratories,0.2253870666027069,vmware,0.2205658107995987,pfizer,0.19844728708267212,intel corporation,0.1921621859073639,thermo fisher scientific,0.19199006259441376,twitter,0.19140300154685974
60,mastercard,visa,0.9682410955429077,netflix,0.948205828666687,american express,0.9137890338897705,twitter,0.8834102153778076,prudential financial,0.8140798807144165,biogen,0.7244086265563965,caterpillar,0.6903809309005737,ford motor,0.6211283206939697,microsoft,0.6002367734909058,comcast,0.5820345282554626,charter communications,0.555050790309906,boeing,0.5307567119598389,digital realty,0.5238677859306335,yum brands,0.4295006990432739,accenture,0.4277918338775635,fedex,0.40186670422554016,dollar general,0.3891613781452179,united parcel service,0.3888503909111023,exxon mobil,0.3575042486190796,nvidia,0.352092981338501,intel corporation,0.3474700450897217,dollar tree,0.34127265214920044,pepsico,0.3272198736667633,devon,0.31358182430267334,northrop grumman,0.29798057675361633
61,alphabet,cerner,0.9397971034049988,honeywell,0.9117802381515503,meta platforms,0.9004745483398438,arista networks,0.8424521088600159,berkshire hathaway,0.8379255533218384,walmart,0.8272008895874023,microsoft,0.8158184885978699,intel corporation,0.8018355369567871,nvidia,0.8015806674957275,vmware,0.8012338876724243,broadcom,0.8008368015289307,oracle,0.7483799457550049,accenture,0.5198965072631836,apple,0.5170962810516357,dollar general,0.45827674865722656,ford motor,0.3931847810745239,kroger,0.3305056393146515,prudential financial,0.3217962086200714,occidental petroleum,0.31910964846611023,boeing,0.2886711359024048,devon,0.27881577610969543,conocophillips,0.2778972387313843,cadence design systems,0.26998358964920044,synopsys,0.26249945163726807,united parcel service,0.2497580647468567
62,nike,mcdonalds,0.9790524244308472,paypal holdings,0.9693526029586792,starbucks,0.8603289127349854,pepsico,0.8307560086250305,apple,0.8054640293121338,yum brands,0.7550098896026611,kroger,0.705207347869873,ford motor,0.6952764391899109,eli lilly,0.6242225170135498,walmart,0.5343010425567627,baker hughes,0.49004337191581726,halliburton,0.48124560713768005,abbvie,0.4788038730621338,emerson electric,0.4641416370868683,comcast,0.45799797773361206,schlumberger,0.4541352093219757,meta platforms,0.3996184170246124,bristol myers squibb,0.36653488874435425,twitter,0.35921722650527954,caterpillar,0.3569304347038269,chevron,0.3236864507198334,berkshire hathaway,0.31876441836357117,abbott laboratories,0.29431161284446716,pfizer,0.27909189462661743,prudential financial,0.27806079387664795
63,norfolk southern,duke,0.9796614646911621,blackrock,0.9438501000404358,expedia,0.8098658323287964,fiserv,0.7660230398178101,anthem,0.7537614703178406,morgan stanley,0.7132968902587891,american,0.6840322017669678,amgen,0.6638448238372803,edwards lifesciences,0.6620705723762512,hess,0.6472290754318237,goldman sachs,0.6068470478057861,citigroup,0.5859835147857666,charter communications,0.5063506960868835,thermo fisher scientific,0.5005913972854614,digital realty,0.49629247188568115,synopsys,0.4762810468673706,cadence design systems,0.47259700298309326,conocophillips,0.45427173376083374,valero,0.4541972279548645,bristol myers squibb,0.44652628898620605,marathon petroleum,0.4427404999732971,advanced micro devices,0.38810938596725464,agilent technologies,0.3869412839412689,micron technology,0.3868775963783264,abbott laboratories,0.33453279733657837
64,exxon mobil,devon,0.9354845285415649,schlumberger,0.758904755115509,dollar general,0.7285445332527161,accenture,0.7284771800041199,baker hughes,0.7254725098609924,halliburton,0.7242656946182251,emerson electric,0.7140791416168213,united parcel service,0.7104290723800659,fedex,0.7048517465591431,boeing,0.677425742149353,occidental petroleum,0.5326181054115295,conocophillips,0.40657949447631836,nvidia,0.4050106406211853,prudential financial,0.3923758268356323,mastercard,0.357504278421402,starbucks,0.3214717507362366,netflix,0.3066384792327881,hess,0.30031144618988037,visa,0.26775121688842773,chevron,0.24510928988456726,cadence design systems,0.22623854875564575,micron technology,0.21320967376232147,advanced micro devices,0.21276526153087616,alphabet,0.20890586078166962,synopsys,0.20671287178993225
65,bristol myers squibb,amgen,0.9071160554885864,abbvie,0.8922839760780334,eli lilly,0.8908438682556152,comcast,0.7386329174041748,abbott laboratories,0.6899333000183105,yum brands,0.6682606935501099,pfizer,0.6507130861282349,moderna,0.570547878742218,pepsico,0.5381952524185181,philip morris,0.5300358533859253,caterpillar,0.5200613737106323,citigroup,0.5122237205505371,edwards lifesciences,0.49663522839546204,biogen,0.49447959661483765,twitter,0.4819784462451935,digital realty,0.4787755608558655,starbucks,0.46696364879608154,mcdonalds,0.4541717767715454,blackrock,0.45390981435775757,norfolk southern,0.44652628898620605,thermo fisher scientific,0.4257858693599701,duke,0.4219721257686615,paypal holdings,0.42172279953956604,agilent technologies,0.4014720916748047,charter communications,0.38817334175109863
66,blackrock,duke,0.9651255011558533,norfolk southern,0.9438501000404358,fiserv,0.89349764585495,expedia,0.8782427310943604,anthem,0.8510401844978333,morgan stanley,0.8290595412254333,goldman sachs,0.7430183291435242,american,0.7312777042388916,edwards lifesciences,0.6992206573486328,citigroup,0.6974791288375854,amgen,0.6676127314567566,hess,0.6556956768035889,charter communications,0.6333515048027039,digital realty,0.589043140411377,thermo fisher scientific,0.4657008647918701,bristol myers squibb,0.45390981435775757,conocophillips,0.4173056483268738,agilent technologies,0.3917180597782135,occidental petroleum,0.34947270154953003,valero,0.32099664211273193,marathon petroleum,0.312900185585022,synopsys,0.2803894877433777,cadence design systems,0.27727389335632324,abbvie,0.21762323379516602,eli lilly,0.21707817912101746
67,ford motor,kroger,0.814142107963562,twitter,0.7729669809341431,netflix,0.7412401437759399,caterpillar,0.7410693764686584,comcast,0.7381089925765991,visa,0.7355169057846069,mcdonalds,0.7271953821182251,microsoft,0.7226318120956421,nike,0.6952763795852661,walmart,0.687819242477417,american express,0.6840133666992188,apple,0.6796188354492188,prudential financial,0.6618362665176392,yum brands,0.6579259634017944,pepsico,0.6236426830291748,mastercard,0.6211283206939697,paypal holdings,0.6179535388946533,meta platforms,0.5895029306411743,biogen,0.5778175592422485,starbucks,0.49627000093460083,eli lilly,0.4938419461250305,berkshire hathaway,0.4840347170829773,dollar tree,0.4796549081802368,qualcomm,0.4643931984901428,vmware,0.4384479224681854
68,abbvie,bristol myers squibb,0.8922839760780334,abbott laboratories,0.8685487508773804,eli lilly,0.8606287240982056,pfizer,0.859447717666626,amgen,0.8201977014541626,moderna,0.7504774332046509,philip morris,0.7411816120147705,comcast,0.7175537347793579,mcdonalds,0.6018149256706238,qualcomm,0.5895209908485413,yum brands,0.5837815403938293,paypal holdings,0.5700926780700684,wells fargo,0.49727290868759155,kroger,0.492554247379303,nike,0.4788038432598114,starbucks,0.4685060977935791,pepsico,0.4613095223903656,dollar tree,0.4434760510921478,charles schwab,0.43695658445358276,biogen,0.4034210741519928,ford motor,0.39612653851509094,citigroup,0.375363826751709,edwards lifesciences,0.37484726309776306,chevron,0.36226361989974976,caterpillar,0.34677088260650635
69,occidental petroleum,conocophillips,0.9251683354377747,hess,0.8629648089408875,american,0.853630542755127,morgan stanley,0.6664454936981201,anthem,0.6374315023422241,goldman sachs,0.6304011344909668,devon,0.5974385738372803,expedia,0.5787818431854248,accenture,0.577569842338562,united parcel service,0.5465457439422607,exxon mobil,0.5326181054115295,dollar general,0.5113368630409241,fedex,0.5026446580886841,charter communications,0.4961051344871521,chevron,0.4791576564311981,fiserv,0.4554664194583893,wells fargo,0.3946893513202667,edwards lifesciences,0.3794277012348175,berkshire hathaway,0.35363641381263733,blackrock,0.34947270154953003,nvidia,0.3387216329574585,schlumberger,0.3320964276790619,duke,0.3214845061302185,alphabet,0.31910961866378784,emerson electric,0.31725382804870605
70,oracle,vmware,0.9175119996070862,cerner,0.863224983215332,honeywell,0.7723815441131592,berkshire hathaway,0.7663586139678955,alphabet,0.7483799457550049,microsoft,0.7076969146728516,meta platforms,0.6918034553527832,arista networks,0.6810230016708374,charles schwab,0.6550352573394775,broadcom,0.6358382701873779,walmart,0.6327263116836548,intel corporation,0.6170346736907959,nvidia,0.47927361726760864,qualcomm,0.4514569044113159,apple,0.4335581958293915,chevron,0.38770797848701477,wells fargo,0.370332807302475,kroger,0.3666642904281616,dollar tree,0.34651070833206177,abbott laboratories,0.32640302181243896,ford motor,0.309345543384552,conocophillips,0.29096147418022156,philip morris,0.2794167995452881,valero,0.26608091592788696,advanced micro devices,0.26556432247161865
71,anthem,morgan stanley,0.9720526337623596,expedia,0.9510809183120728,goldman sachs,0.9456630945205688,fiserv,0.929248571395874,american,0.9257570505142212,blackrock,0.8510401844978333,hess,0.843055009841919,charter communications,0.8135559558868408,citigroup,0.7756240963935852,duke,0.7715198397636414,edwards lifesciences,0.7597802877426147,norfolk southern,0.7537614703178406,conocophillips,0.6865413784980774,digital realty,0.6704162359237671,occidental petroleum,0.6374315023422241,wells fargo,0.4775678813457489,amgen,0.4378259778022766,thermo fisher scientific,0.42280468344688416,agilent technologies,0.35043591260910034,micron technology,0.24299979209899902,advanced micro devices,0.23988743126392365,bristol myers squibb,0.20783796906471252,valero,0.1996932476758957,marathon petroleum,0.1939164102077484,prudential financial,0.18056398630142212
72,broadcom,arista networks,0.9832202196121216,honeywell,0.9482278823852539,cerner,0.8151497840881348,alphabet,0.8008368015289307,vmware,0.7652068138122559,microsoft,0.7171176671981812,meta platforms,0.7022722363471985,walmart,0.6372979879379272,oracle,0.6358382701873779,intel corporation,0.5966041088104248,berkshire hathaway,0.5453501343727112,nvidia,0.5138556957244873,apple,0.4687703549861908,cadence design systems,0.39836356043815613,synopsys,0.39575719833374023,valero,0.39311885833740234,marathon petroleum,0.3896157145500183,prudential financial,0.3616263270378113,caterpillar,0.309193879365921,ford motor,0.2846432030200958,norfolk southern,0.21119937300682068,twitter,0.18799661099910736,accenture,0.17619237303733826,fiserv,0.170440211892128,mastercard,0.1643105447292328
73,qualcomm,charles schwab,0.9555438756942749,dollar tree,0.9437190294265747,wells fargo,0.9227044582366943,chevron,0.8123852610588074,pfizer,0.7715156078338623,abbott laboratories,0.7404254674911499,kroger,0.6788001656532288,philip morris,0.5948402285575867,abbvie,0.589521050453186,moderna,0.5380913019180298,american express,0.513108491897583,comcast,0.4700327217578888,ford motor,0.4643931984901428,oracle,0.4514569342136383,micron technology,0.39408355951309204,advanced micro devices,0.3925302028656006,amgen,0.39080652594566345,biogen,0.37335604429244995,berkshire hathaway,0.3657098114490509,bristol myers squibb,0.35819393396377563,visa,0.32197606563568115,vmware,0.32008883357048035,eli lilly,0.2902776002883911,mcdonalds,0.2856311798095703,conocophillips,0.2638935148715973
74,honeywell,arista networks,0.9599179029464722,broadcom,0.9482278823852539,cerner,0.917022168636322,alphabet,0.9117801189422607,vmware,0.8509944677352905,meta platforms,0.8147650957107544,oracle,0.7723814845085144,microsoft,0.7653568983078003,intel corporation,0.7454824447631836,walmart,0.7228166460990906,berkshire hathaway,0.7131636142730713,nvidia,0.6642354726791382,apple,0.4842192232608795,cadence design systems,0.43530598282814026,synopsys,0.4333347678184509,valero,0.3662233054637909,marathon petroleum,0.3615074157714844,prudential financial,0.30587321519851685,accenture,0.3035662770271301,ford motor,0.29091906547546387,dollar general,0.2635243535041809,advanced micro devices,0.2336016297340393,micron technology,0.23238229751586914,conocophillips,0.22425559163093567,caterpillar,0.2067917138338089
75,nvidia,intel corporation,0.9496110081672668,accenture,0.8235747814178467,alphabet,0.8015806674957275,dollar general,0.7884697914123535,honeywell,0.6642354726791382,cerner,0.6370726227760315,microsoft,0.6131367683410645,united parcel service,0.6090824007987976,fedex,0.5979252457618713,meta platforms,0.5872831344604492,boeing,0.5702712535858154,arista networks,0.5399549603462219,broadcom,0.5138556957244873,berkshire hathaway,0.5022594332695007,devon,0.48571115732192993,oracle,0.47927361726760864,prudential financial,0.46625399589538574,walmart,0.4587554931640625,vmware,0.4530355930328369,exxon mobil,0.4050106406211853,mastercard,0.35209304094314575,conocophillips,0.3430419862270355,occidental petroleum,0.3387216329574585,cadence design systems,0.3150944113731384,synopsys,0.3069937229156494
76,devon,exxon mobil,0.9354844689369202,dollar general,0.7719709873199463,accenture,0.7628967761993408,united parcel service,0.7376446723937988,fedex,0.7264803647994995,schlumberger,0.6898579001426697,boeing,0.6861921548843384,emerson electric,0.6768144965171814,halliburton,0.6541962623596191,baker hughes,0.6462291479110718,occidental petroleum,0.5974385142326355,conocophillips,0.5767464637756348,nvidia,0.48571115732192993,hess,0.46715930104255676,cadence design systems,0.46455585956573486,prudential financial,0.4629208445549011,synopsys,0.44510042667388916,advanced micro devices,0.42397332191467285,micron technology,0.4238626956939697,valero,0.3762400150299072,marathon petroleum,0.37012016773223877,american,0.3408442437648773,intel corporation,0.33560043573379517,mastercard,0.31358179450035095,chevron,0.31109875440597534
77,intel corporation,nvidia,0.9496110081672668,alphabet,0.8018355369567871,honeywell,0.7454824447631836,microsoft,0.6870841383934021,cerner,0.6766493916511536,accenture,0.6732503175735474,dollar general,0.6346108913421631,meta platforms,0.6220880746841431,arista networks,0.6186690926551819,oracle,0.6170346736907959,broadcom,0.5966041088104248,vmware,0.5598114132881165,berkshire hathaway,0.5286593437194824,walmart,0.4786311984062195,prudential financial,0.4690535366535187,united parcel service,0.445569783449173,boeing,0.4425620436668396,fedex,0.42584386467933655,cadence design systems,0.40560460090637207,synopsys,0.3997902572154999,mastercard,0.3474700450897217,conocophillips,0.3409528434276581,devon,0.33560049533843994,valero,0.30995622277259827,marathon petroleum,0.3060048222541809
78,baker hughes,schlumberger,0.9901413917541504,halliburton,0.9870155453681946,emerson electric,0.9839221239089966,starbucks,0.7544675469398499,exxon mobil,0.7254725098609924,devon,0.6462291479110718,nike,0.4900433421134949,pepsico,0.46003633737564087,mcdonalds,0.4432755410671234,paypal holdings,0.41937100887298584,yum brands,0.397573322057724,chevron,0.3435561954975128,occidental petroleum,0.2930690050125122,eli lilly,0.28232651948928833,edwards lifesciences,0.2708953022956848,kroger,0.2387574166059494,advanced micro devices,0.2199161946773529,micron technology,0.21947236359119415,valero,0.21646617352962494,marathon petroleum,0.2141113430261612,cadence design systems,0.20886929333209991,synopsys,0.19450031220912933,boeing,0.18775326013565063,fedex,0.16703638434410095,apple,0.15314166247844696
79,walmart,meta platforms,0.9666510224342346,berkshire hathaway,0.888738751411438,apple,0.8376636505126953,alphabet,0.8272008895874023,cerner,0.8239883184432983,microsoft,0.8093208074569702,vmware,0.7865875959396362,honeywell,0.7228166460990906,kroger,0.7092900276184082,ford motor,0.687819242477417,arista networks,0.673741340637207,broadcom,0.6372979879379272,oracle,0.63272625207901,nike,0.5343010425567627,mcdonalds,0.5069661140441895,paypal holdings,0.49783796072006226,intel corporation,0.4786311984062195,nvidia,0.4587554931640625,chevron,0.3643723130226135,charles schwab,0.34845924377441406,caterpillar,0.32725274562835693,prudential financial,0.2888611853122711,twitter,0.269944429397583,visa,0.25009214878082275,netflix,0.23047900199890137
80,wells fargo,qualcomm,0.9227044582366943,dollar tree,0.8747162222862244,charles schwab,0.8681905269622803,chevron,0.7998042106628418,pfizer,0.5767494440078735,abbott laboratories,0.572856068611145,kroger,0.5691021680831909,goldman sachs,0.5529747605323792,charter communications,0.5001580119132996,abbvie,0.49727290868759155,anthem,0.4775679111480713,conocophillips,0.4679337739944458,american express,0.4544154405593872,morgan stanley,0.4520881474018097,american,0.42375510931015015,ford motor,0.4024111032485962,occidental petroleum,0.3946893513202667,amgen,0.3873388171195984,oracle,0.370332807302475,comcast,0.36811357736587524,micron technology,0.3666455149650574,hess,0.36652374267578125,advanced micro devices,0.36313992738723755,philip morris,0.3523784875869751,citigroup,0.32767239212989807
81,apple,paypal holdings,0.8422867655754089,walmart,0.8376636505126953,nike,0.8054639101028442,mcdonalds,0.7976309061050415,meta platforms,0.7822735905647278,berkshire hathaway,0.7438371181488037,kroger,0.7306413650512695,ford motor,0.6796188354492188,vmware,0.579021692276001,cerner,0.5774895548820496,microsoft,0.5296503901481628,alphabet,0.5170962810516357,honeywell,0.4842192232608795,pepsico,0.474163681268692,broadcom,0.4687703549861908,arista networks,0.4583999514579773,starbucks,0.4531176686286926,oracle,0.4335581958293915,chevron,0.40389329195022583,abbott laboratories,0.3618507385253906,yum brands,0.3515315651893616,charles schwab,0.32943832874298096,pfizer,0.31279295682907104,caterpillar,0.3076525330543518,philip morris,0.2758179306983948
