date,industry_tone,becton_dickinson_diff,consolidated_edison_diff,centene_diff,cerner_diff,uber_technologies_diff,unitedhealth_diff,microsoft_diff,lululemon_athletica_diff,nvidia_diff,paccar_diff,blackstone_diff,edison_diff,lam_research_diff,mondelez_diff,lockheed_martin_diff,exelon_diff,twitter_diff,walt_disney_diff,alphabet_diff,yum_brands_diff,broadcom_diff,duke_diff,netflix_diff,apple_diff,charles_schwab_diff,fiserv_diff,regeneron_diff,micron_technology_diff,dollar_tree_diff,transdigm_diff,wells_fargo_diff,salesforce_diff,southwest_airlines_diff,equifax_diff,mckesson_diff,sherwin_williams_diff,baxter_diff,edwards_lifesciences_diff,goldman_sachs_diff,avalonbay_communities_diff,american_diff,expedia_diff,meta_platforms_diff,international_business_machines_diff,general_motors_diff,zimmer_biomet_holdings_diff,hilton_worldwide_holdings_diff,intuitive_surgical_diff,delta_air_lines_diff,ford_motor_diff,eaton_diff,conocophillips_diff,microchip_technology_diff,bristol_myers_squibb_diff,truist_financial_diff,northrop_grumman_diff,starbucks_diff,nike_diff,cognizant_technology_solutions_diff,t_rowe_price_diff,qualcomm_diff,tesla_diff,johnson_controls_diff,aflac_diff,valero_diff,accenture_diff,dow_diff,altria_diff,dollar_general_diff,constellation_brands_diff,marvell_technology_diff,american_electric_power_diff,oreilly_automotive_diff,chubb_ltd_diff,devon_diff,metlife_diff,blackrock_diff,travelers_companies_diff,intercontinental_exchange_diff,marathon_petroleum_diff,firstenergy_diff,berkshire_hathaway_diff,comcast_diff,ball_diff,emerson_electric_diff,costco_wholesale_diff,zoetis_diff,moderna_diff,union_pacific_diff,pepsico_diff,fifth_third_bancorp_diff,monster_beverage_diff,veeva_systems_diff,waste_management_diff,nucor_diff,schlumberger_diff,medtronic_diff,dupont_de_nemours_diff,pfizer_diff,electronic_arts_diff,republic_services_diff,prudential_financial_diff,palo_alto_networks_diff,analog_devices_diff,cadence_design_systems_diff,fedex_diff,verisk_analytics_diff,block_diff,autozone_diff,mastercard_diff,servicenow_diff,cummins_diff,nxp_semiconductors_diff,marriott_diff,realty_income_diff,cigna_diff,american_express_diff,aptiv_diff,vertex_diff,procter_&_gamble_diff,humana_diff,eli_lilly_diff,home_depot_diff,xcel_diff,philip_morris_diff,rockwell_automation_diff,abbvie_diff,walmart_diff,exxon_mobil_diff,kroger_diff,thermo_fisher_scientific_diff,abbott_laboratories_diff,oneok_diff,arista_networks_diff,us_bancorp_diff,cloudflare_diff,dominion_diff,occidental_petroleum_diff,tyson_foods_diff,allstate_diff,fortinet_diff,hess_diff,stryker_diff,ebay_diff,progressive_diff,verizon_communications_diff,digital_realty_diff,citigroup_diff,autodesk_diff,hp_diff,nextera_diff,chevron_diff,prologis_diff,kinder_morgan_diff,old_dominion_freight_line_diff,agilent_technologies_diff,cisco_systems_diff,illumina_diff,ross_stores_diff,boeing_diff,kimberly_clark_diff,honeywell_diff,general_mills_diff,motorola_solutions_diff,gilead_sciences_diff,biogen_diff,dexcom_diff,intel_corporation_diff,anthem_diff,paypal_holdings_diff,mcdonalds_diff,resmed_diff,united_parcel_service_diff,global_payments_diff,alexandria_real_estate_equities_diff,morgan_stanley_diff,first_republic_bank_diff,boston_scientific_diff,synopsys_diff,halliburton_diff,parker_hannifin_diff,eversource_diff,msci_diff,visa_diff,adobe_diff,workday_diff,advanced_micro_devices_diff,activision_blizzard_diff,caterpillar_diff,welltower_diff,simon_property_diff,amgen_diff,archer_daniels_midland_diff,coca_cola_diff,norfolk_southern_diff,raytheon_technologies_diff,charter_communications_diff,ecolab_diff,ametek_diff,chipotle_mexican_grill_diff,paychex_diff,oracle_diff
2021-12-02,-0.001198286851959207,0.008718214660652234,,,,,,-0.00506638631639967,,-0.003299074108461506,,0.008262778597100597,,,,0.007820132456128538,,0.0009062730350068249,,,,0.0034878380308781803,,,0.001198286851959207,,,,,0.013115946656942976,,-0.0004608308292579223,,,,,,,,-0.0004608308292579223,,,-0.008063974065930863,,,,,,,-0.0017219753875899017,,,,,,,0.010673935809975905,0.005710014001113058,,,,-0.003240325918723688,,,,,,,,,,0.0021059255391506094,,,,,,,,,,,,0.006311578213692602,-0.012587210804506178,,,,,,,,,,,,,,,-0.00025744035452902533,,,,,,,0.001198286851959207,,,,,,,,,,,-0.0017219753875899017,,,,,0.00027628795835787695,,,,,,0.0005440945440096044,0.005931182505132613,7.069853350215164e-05,,,,,,,0.003821797353871745,,-0.001594853196082803,,,,,,,,,,,,,-0.0017219753875899017,,,,,,,,-0.0017219753875899017,,,,,-0.008324389019960791,0.007623645601156035,,,,0.004257263930024304,-0.001594853196082803,,,,,0.008262778597100597,,,-0.0017219753875899017,,,,,,,,,,,,,,,,,,,,,,,
2021-12-03,-0.0006449121921440498,,,,,,,-0.0015877807145912239,,-0.0013154317991972537,,,,,,-0.0029727027615032912,,0.0007856365850597486,,,,,,,0.0029230685778163998,,,,,,,0.0015661445427691762,,,0.0011710969213433583,,,,,0.0015661445427691762,,,,,,,,,,,-0.0022448157881287466,,,,,,,0.002033621063216314,,,,,,,,,,,,,,,,,,,,-0.00021232373632818435,,,,,0.0009791944908870268,,,,,,,,,,,,,,,,,0.0008968850202086957,,,,,,,-0.0015870497376337263,,,,,,,,,0.0018733379645167548,,,,,,,,,,,,,-0.00805923672279862,-0.0015877807145912239,,,,,,,,,,,,,,,,,,,,,,,-0.003418541865142022,,,,,,,,-0.0014201040904158282,,0.0016239113959966344,,,,,,,,,,,,,,,,,,,,,,,,,,,,,,,,,,,,,,,,
2021-12-04,-0.0002650727817020159,,,,,,,0.005382113457523524,,,,,,,,,,-0.00014897948571903144,,,,-0.0018473057565320393,,,,,,,,,,-0.0056214802599562465,,,,,,,,-0.0018473057565320393,,,,,,,,,,,,,,,,,,,,,,-0.0018473057565320393,,,,,,,,,,,,,,,,,,,,,,,,,,,,,,,,,,,,,,0.01144252413650227,,,,,,,,,,,,,,,,,,,,,,,,,,,,,,,,,,,,,,,,,,,,,,,,,,,,,,,,,,,,,,,,,,,,,,,,,,,,,,,,,,,,,,0.002584469120148333,,,,,,,,,,,,,,,,,0.002584469120148333
2021-12-05,-0.0002650727817020159,,,,,,,0.005382113457523524,,,,,,,,,,-0.00014897948571903144,,,,-0.0018473057565320393,,,,,,,,,,-0.0056214802599562465,,,,,,,,-0.0018473057565320393,,,,,,,,,,,,,,,,,,,,,,-0.0018473057565320393,,,,,,,,,,,,,,,,,,,,,,,,,,,,,,,,,,,,,,0.01144252413650227,,,,,,,,,,,,,,,,,,,,,,,,,,,,,,,,,,,,,,,,,,,,,,,,,,,,,,,,,,,,,,,,,,,,,,,,,,,,,,,,,,,,,,0.002584469120148333,,,,,,,,,,,,,,,,,0.002584469120148333
2021-12-06,-0.0011811421286436596,,,-0.007490857783746547,,,,0.00782713238119128,,0.0003899966290748342,,,,,,,,-0.000246777365730057,0.007037726100344645,,,,,-0.0006518872273214781,,,,,,,,-2.7575836013427708e-05,,,,,,,,0.0011811421286436596,,,-0.0012340251216884325,,,,,,,,0.005835687583189114,,0.005214619994933868,,,,,,,,,,,,,,,,,0.00021655621159804867,,,,,,,,0.004904704833439607,,,,,,,,,,,0.0003899966290748342,0.004044277118300587,,,,,,,,,,-0.0020036492674777844,,,,,,,,,,,,,,,,,,,,,,,,,,,,,0.001982535484558476,1.426127133127863e-05,,,,,,,,,,,,,,,,,,,,,,,0.005214619994933868,,,,,,,,,,,,,,,,,,,,,,,,,,,,,,,,,,,,,,,,,,,,,,,,,,0.0011811421286436596
2021-12-07,-3.38616248491021e-05,,,,,,,-0.01870461107427281,,,,,,,0.01037260759577897,0.000730594296051867,,-0.0011451345421220737,0.007514777158807576,,,,,0.005343952554383276,-0.0006767088211049108,,,,,,,-0.0036403318896744575,,,-0.0008278748151124912,,,,,,,,,,,,,,,,-0.004367687720520471,,,,,,0.0016810141099904167,0.008720171543243515,,,,-0.0005205020488080913,-0.0025435560048288714,,,,0.012113858045590908,,,,,,,,,,,-0.004866897992891653,,,,,,-0.0016391205495258287,,,,,,,0.01037260759577897,,,,,,,,,-8.182451476379627e-05,,,,,,,-0.0005205020488080913,,,-0.0006767088211049108,,,,,,,,0.0007322667294920131,,,,,,,,-0.0005554830239014877,,,,,,,,,,,,,,,,,,,,,,,,,,,,,,,,,,,0.000730594296051867,,,,,,,,,,,,,,,,-0.0020900321804606255,,,,,,,,,,,,,,,,,,,,,,,,,,-0.0008278748151124912
2021-12-08,-0.0005628783535260647,,,,,,,-0.00045645901477553235,,0.0005628783535260647,,,,,,0.00014971359573458769,,0.0011137989760677202,,,,0.0009600650799428544,,0.010458678255102981,,,,,,,,-0.024824275746499317,,0.014683753040849547,-0.0006628876399008897,,,,,0.004899673895300254,,,,,,,,,,,0.0007388771034765221,,,,,,,-0.00013534815115205255,,,,,-0.00034029097953659055,,0.009374297953327414,,,,,,,0.0005628783535260647,,,,,0.0010004571860876181,,,,,,0.0005628783535260647,,,,,,,,0.0022628647536348657,,,,,,,0.0018510235532529773,,-0.00044014136380172704,,,,,,,,,,,,,,,,,,,,,,,-0.009610020784582717,,0.002320965554651242,,,,-0.0014213258285583985,,,,,,,,,,,0.003084012030610498,,,,,,,,,0.001142017752379368,,,,,,,,,0.0011933923958619298,,,,,,,,,,,,,,,,,,,0.004899673895300254,,,,,,,,,,,,,,,,,,,,0.0016784849460172893,,,,,,0.0005628783535260647
2021-12-09,-0.00012864316294188,,,,,,,,,,,,,,,,,-0.00042245289044688417,,,,,,0.0034606436960619657,,,,,0.0011328576503024349,,,0.006635663866239238,,,,,,,,-0.00020266167532989458,,,0.0011328576503024349,,,,,,,0.0006106408182910631,,,,,,,,-0.00013149268154733764,,,,,0.0029529168538910263,,,,,,,,,,,,,-0.0012114470209700497,,,,,,,0.0015283800124141795,,,,,,,,0.00028755493512596286,,,,,,,,,-0.00043871100115711596,,,,,,,0.0006106408182910631,,,,0.0038089307591517635,,,,,,,,,,,,,,,,,,-8.79533726576744e-05,,0.0005953459212885232,,,,,,,0.0014145639832858828,,,,,,,,,0.006417951339042502,,,,,,,,,,,,,,-0.00018746154200006163,,,,,,,,,,,,,,,,-0.000276615321081371,,,,,,,,0.00012246660405562445,,,,,,,,,,,,,,,,,,
2021-12-10,-0.0004159173808575736,,,,,,,-0.0010223681748467162,,,,,,,,,,-0.001983506684114184,,,,,0.015144599551400219,-0.00025691240666277885,0.0002635880985691699,,,,,-8.356232777926317e-05,,-0.0030678114345650117,,,,,,,,0.0038421532849362266,,,,,,,,,,,0.0005263996717132411,,,,,,,-0.0018121118636177118,,,,,,,,,,,,,,,,,,8.623563170431542e-06,,0.0008477891736696722,,,,,,,,,,,,,,,,,,,,,,-3.476052042040062e-05,,,,,,,,,,,,,,,,,,0.005244922463020512,,,,,,,,,,,0.00045972770426630407,,,,-9.854942574406378e-05,,,,,,,,,,,,,,,,,,,,,,,,,,,,-0.0053410613567009555,,,,,,,,,,,,,,,,,,,,,,,,-0.0008444795236076275,,,,,,,,,,,,,,,,,,8.623563170431542e-06
2021-12-11,-0.0021364990291625643,,,,,,,,,,,,,,,,,-0.0062839945633614055,,,,,,,,,,,,,,,,,,,,,,0.008512288033051806,,,,,,,,,,,,,,,,,,0.003275295549000401,,,,0.007026364219340709,,,,,,,,,,,,,,,,,,,,,,,,,,,,,,,,,,,,,,,,,,,,,,,,,,,,,,,,,,,,,,,,,,,,,,,,,,,,,,,,,,,,,,,,,,,,,,,,,,,,,,,,,,,,,,,,,,,0.008512288033051806,,,,,,,,,,,,,,,,,,,,,,,,,,
2021-12-12,-0.0021364990291625643,,,,,,,,,,,,,,,,,-0.0062839945633614055,,,,,,,,,,,,,,,,,,,,,,0.008512288033051806,,,,,,,,,,,,,,,,,,0.003275295549000401,,,,0.007026364219340709,,,,,,,,,,,,,,,,,,,,,,,,,,,,,,,,,,,,,,,,,,,,,,,,,,,,,,,,,,,,,,,,,,,,,,,,,,,,,,,,,,,,,,,,,,,,,,,,,,,,,,,,,,,,,,,,,,,0.008512288033051806,,,,,,,,,,,,,,,,,,,,,,,,,,
2021-12-13,0.00024069654391027607,,,,,,,0.0012270290702540384,,-0.0003973443907017759,,,,,,,,-5.202648586758119e-05,,0.00026661379811835696,,0.0017173235062150362,,-0.0016826294563322861,0.0013870507039602546,-0.0021397251907574136,,,0.0017173235062150362,,,,,,0.0054624566154084404,,,-0.005317354072593388,,-0.0021885791510936805,,,-0.00010784060624628201,0.00026661379811835696,,,,0.00026661379811835696,,0.0014116713397877708,,,,,-0.000710937332343506,,,,,,,,0.0006111218693702941,,,,,,,,,,0.0018447222081751464,,,-0.0013493582860561817,,-0.003625398368603025,,,,,,,,,,,-0.001102204374059221,,,,,,,,,,,-0.0010403693911126047,,,,,,,,,,,,,0.0017173235062150362,,,,,-0.0023599804378825035,,,,,0.0037457813231645955,,,0.00026661379811835696,,,-0.0010729433236447016,,,,,,0.0017173235062150362,,,0.004480828397913647,,,0.00026661379811835696,,,,,,,0.0017173235062150362,,,0.00026661379811835696,,,,,,,0.0008799609249106771,,,,,,,,-0.02782842552206082,,,,,,,,,,,-0.0030371935970743627,,,,,,,,0.00026661379811835696,,,,,0.0017173235062150362,,,-0.0014203804900434817,,,,,,,,,,
2021-12-14,-0.0014300637707876235,,,,,,,-0.003057679209080829,,,,,,,,0.001609804584534201,,0.0005378215796925209,,,0.008894867222512724,-0.011799949459225599,,-0.011799949459225599,,,,,,,,,,,0.0014300637707876235,-0.002903865381533589,,,,0.0016203433067942296,,,,,,,,,,,0.008816088331141498,0.003215778056501907,,,,,,0.004424434354091011,,,,,,,,,0.00664287686537411,,,,,,,,,,,,,,,,,,,,,,,,,,,,,,,,,-0.0014103531049020823,,,,,,,0.004329075807657663,,,,,,-0.0016312093106445086,,,0.0030546384803368685,,,,,,,,,,,,-0.00015810732485899365,0.0016905686467162074,,0.0004649260395610317,,,,,,,0.0043831229006088945,,0.0006487725698844505,,,,,,,,,,,,,,,,,,,,,,,,,,-0.0007743850825545286,,,,,,,,,,,0.00040848809246137084,,,,,,,,,,,,,,,,-0.0007743850825545286,,,,,,,,,,-0.011799949459225599
2021-12-15,7.898127746742593e-05,,,,,-0.0008584561452490019,,-0.00314458520144045,,,,,,,,,,-0.00151402264028413,,-0.0008584561452490019,,,,0.001414758714392863,,,,,,,,0.024128232472229984,,,,,,,,0.0015325126357743056,,,,-0.005104359437173937,,0.009351422343807573,,,,,-0.0008584561452490019,,,,,,,0.001461755811155771,,,,-0.002196301246861197,-0.005104359437173937,,,,0.0008385761845686327,,,,,,,,,,,0.003814897545023617,,,,,,-0.0038591708161709046,,,,,,,,,,,,,,,,-0.0013203218793808192,,,,0.003713714436786419,,,0.0008385761845686327,,,,,,,,,,,,,,,,-0.0008253100942946666,,,,,,0.0005408584355578664,,0.004084084576492218,,,,,,,,,,,,,,0.001515406477634615,,,,,,,,-0.003445977898763425,,,,,,,,,,,,,,,,,,,,,,,,-0.0008584561452490019,,,,,,,,-0.001758528848123574,,,,,,,,0.0008385761845686327,,,,,,,,,,
2021-12-16,-0.0013658648009782298,,,,,,,-0.00256772574474689,,-0.0002638454691299462,,,,,,0.0012039778466384453,,-0.0006771942856305896,,,,,,0.01557638112115244,,,,,,,,0.0022865733782993364,,,-0.008182888404674635,,,,,0.0006872975077485127,,,,,,,,,,,0.0015752969988749017,,,,-0.015382078650083286,,,,,,,,,,,,,,,,,,,,,,,,,,,,,,,,,,,,,,,,,,,,,0.001423351919244271,,,,0.0025016409669112102,,,-0.0014934020829927184,,,,,,,,,,,,,,,,,,,,,,-0.0030863384538166823,-0.0032058250098681218,0.003050700218740694,,,,,,,,,,,,,,,,,,,,,,-0.0011833834894321392,,,,,,,,0.002419129760182207,,,,,-0.015382078650083286,,,,,,,,-0.0014934020829927184,,,0.0013658648009782298,,,,,,,,,,,,,,,,,,,,,,,,,,
2021-12-17,-0.0021260177137268485,,,,,,,-0.0019565287417009575,,-0.00341642585726954,,0.011004489196076453,,,,,,-3.9199389670267586e-06,,,,,,-0.0036719584635816717,,,,,,,,0.003013985888947447,,,,,,,,,,,,,,,,,,,0.0018779563135690818,,0.001747166693102199,,,,,-0.0015388010016159212,,,,,,,,0.001747166693102199,,,,,,,,,,,,,,,,,,,,,,,,,,,,,,,0.001747166693102199,,,0.0009249359182209012,,,,,,,,,,,,,,,-0.0016051745476539192,,,,,,,,,,,,,,0.012127267869996374,,-0.00046966085227198974,,,,,,,,,,,,,,,,,,,,,,0.00024131679570768105,,,,,,,,-0.0016051745476539192,,0.002660205747914882,,,,,,,,,,,,,,,,,,,,,,-0.004701940499168894,,,,,-0.00341642585726954,,,,,,0.0018779563135690818,,,,,,,-0.0005580064683179454
2021-12-18,-0.0005658088841515774,,,,,,,-0.0016444777900300638,,,,,,,,,,0.0009925070922923935,,,,,,-0.0006300611566967308,,,,,,,,0.0014040115002686522,,,,,,,,-0.006355324797545474,,,,,,,,,,,,,,,,,,-0.005734594341654874,,,,,,,,,,,,,,,,,,,,,,,,,,,,,,,,,,,,,,,,,,-0.0012123590046576858,,,,,,,,,,,,,,,,,,,,,,,,,,,,,,,,,,,,,,,,,,,,,,,,,,,,,,,,,,,,,,,,,,,,,,,,,,,,,,,,,,,,,,,,,,,,,,,,,,,,,,,
2021-12-19,-0.0016043318225761871,,,,,,,0.004994070405936634,,,,,,,,,,-0.0017560425014101811,,,,,,0.001985219198749701,,,,,0.004994070405936634,,,,,,,,,0.004994070405936634,,-0.0035040945266869173,,,,,,,,,,,,,,,,,,,0.004994070405936634,,,,,,,,,,,,,,,,,,,,,,,,,,,,,,,,,,,,,,,,,0.00023149511292257187,,,,,,,,,,,,,,,,,,,,,,,-8.578171239313932e-07,,,,,,,,,,,,,,,,,,,,,,,,,,,,,,,,,,,,,,,,,,,,,,,,,,,,,,-0.0015744347621810997,,,,,,,,,,,,,,,,,,0.005592646061855098,,,,,,,0.004994070405936634,
2021-12-20,-0.0016043318225761871,,,,,,,0.004994070405936634,,,,,,,,,,-0.0017560425014101811,,,,,,0.001985219198749701,,,,,0.004994070405936634,,,,,,,,,0.004994070405936634,,-0.0035040945266869173,,,,,,,,,,,,,,,,,,,0.004994070405936634,,,,,,,,,,,,,,,,,,,,,,,,,,,,,,,,,,,,,,,,,0.00023149511292257187,,,,,,,,,,,,,,,,,,,,,,,-8.578171239313932e-07,,,,,,,,,,,,,,,,,,,,,,,,,,,,,,,,,,,,,,,,,,,,,,,,,,,,,,-0.0015744347621810997,,,,,,,,,,,,,,,,,,0.005592646061855098,,,,,,,0.004994070405936634,
2021-12-21,-0.00028433030896094766,,,,,,,-0.0009297703547787265,,,,,,,,,,0.00025115858584653645,,,,,,0.0014008583084169884,,,,,,0.00028433030896094766,,,,-0.0010578182561480215,,,,,,0.00012121221363356317,,,-0.0027901331971572295,,,,,,,-0.0010578182561480215,,,,,,,,,,,,,,,,,,,,,,,,,,,,,,,,,,,,,,,,,,,,,,,,,-0.007231250067280575,-0.002123137308545933,,,,,,,-0.0005878134203256388,,,,-0.0018656524911766508,,,,-0.0027901331971572295,,,,,,,,,,,,,,-0.0008372388111007843,,,,,,,,,,,,,,,,,,,,,,,,,,,,,,,,-0.0005878134203256388,,,,,,,,,,-0.005507839401611568,0.0014326061206353618,,,,,0.0008765048795815425,,,,,,,,-0.0018656524911766508,,,,,,,,,,,,,,,,,,
2021-12-22,-0.0014398089030450115,,,,,,,0.003390197091005475,,,,,,,,,,-0.0005046909654780115,,,,,,0.00975463766648324,,,0.0012422058283411694,,,,,0.0012422058283411694,,,,-0.001910580960502748,,,,-0.0036670183575771855,,,0.0018770474102206944,,,,,,,,,,,,,,,0.005528990701192142,,,,,,,,,,,,,,,,,,,,,,0.0062778943113794335,,,,,,,,,,,,,,,,,,,,-0.0007807409964870988,,,,,,,-0.00344548791098425,,,,-0.00399763332413134,,,,,,,,,,,,,,,,,,-0.0016190964624208516,,,,0.0005967665317354291,,,,,,,,,,,,,,,,,,,,,,,,,,,,,,0.0006143313642888414,,,,,,,,,,,,,,4.931139939700203e-05,,,,,,,,0.005109068513169505,,,,,,,,,,,,,-0.00399763332413134,,,,,
2021-12-23,0.0001194488574078435,,,,,,,,,,,,,,,,,0.0006206915153263196,,-0.0012089475427460958,,,,-0.00023646686080593942,,,,,,,,,,,,,,,,,,,,,,,,,,-0.0015035251411793034,,,,,,,,,,,,,0.0051544789530682915,1.5597949815540204e-05,,,,,,,,,,,,,,,,0.0013749143994981486,,,,,,,,,,,,,,,,,,,,-0.0015086704216151756,,,,,,,,,,,,,,,,,,,,,,,,,,,,,-0.010282050483424125,,,,,,,,,,,,,,,,,,,,,,,,,,,,,,,,,,,,,,-0.0002737046196318415,,,,,,,,,,,,,,,,,,,,,,,,,,0.0012237457630977005,,,,,,,,,,
2021-12-24,0.0001194488574078435,,,,,,,,,,,,,,,,,0.0006206915153263196,,-0.0012089475427460958,,,,-0.00023646686080593942,,,,,,,,,,,,,,,,,,,,,,,,,,-0.0015035251411793034,,,,,,,,,,,,,0.0051544789530682915,1.5597949815540204e-05,,,,,,,,,,,,,,,,0.0013749143994981486,,,,,,,,,,,,,,,,,,,,-0.0015086704216151756,,,,,,,,,,,,,,,,,,,,,,,,,,,,,-0.010282050483424125,,,,,,,,,,,,,,,,,,,,,,,,,,,,,,,,,,,,,,-0.0002737046196318415,,,,,,,,,,,,,,,,,,,,,,,,,,0.0012237457630977005,,,,,,,,,,
2021-12-25,-0.0009615079286324804,,,,,,,0.007394341109186036,,,,,,,,,,-0.0016706794913696659,,-0.0024300074355168583,,,,0.04910787287807878,,,,,,,,,,,,,,,,,,,,,,,,,,,,,,,,,,,,,,,,,,,,,,,,,,,,,,-0.0024300074355168583,,,,,,,,,,,,,,,,,,,,,,-6.461362858088085e-05,,,,,,,,,,,,,,,,,,,,,,,,,,,,,,,,,,,,,,,,,,,,,,,,,,,,,,,,,,,,,-0.006679364285420619,,,,,,,,,,,,,,,,,,,,,,,,,,,,,,,,,,,,,,,,,,
2021-12-26,-0.0029796137416018605,,,,,,,,,,,,,,,,,-0.0008067769029274359,0.005005917353077308,,,,,,,,,,,0.0005014013588006548,,,,,,,,,,,,,,,,,,,,,,0.0018223371266223457,,,,,,,,,,,,,,,,,,,,,,,,,,,,,,,,,,,,,,,,,,,,,,,,,,,,,,,0.004433743342261519,,,,-0.002172102357953274,,,,,,,,,,,,,,,,,,0.001853801052251796,,,,,,,,,,,,,,,,,,,,,,,,,,,,,,,,,,,,,,,,,,,,,,,,,,,,,,,,,,,,,,,0.0005014013588006548,,,,,,,,,,,
2021-12-27,-0.0008917168918791517,,,,,,,-0.0005066394340358197,,-0.002995813324832994,,,,,,,,0.0006660674936624057,,,,,,0.0065964384260983775,-0.00187990173339801,,,,,,,,,,,,,,,0.00018476401028870882,,,-0.008282595034726354,,,,,,,-0.0027607841352056475,,,,,,,,,,,,,-0.00187990173339801,,,,,,,,,,,,,-0.002995813324832994,,,,,,,0.004971240403532989,,,,,,,,,,,,,,,,,-0.002249677258844943,,,,,,,,,,,0.0011538151478134025,,,,,,,,,,,,,,,,,,-0.003931397881586455,,,,-0.002995813324832994,,,,,,,,,,,,,,0.0014353937129790316,,,,,,0.004971240403532989,,,,,,,,,,,,,,,,,,,,,,,,-0.000934940276781163,,,,,,,,,,,,,,,,,,,0.0017405412701152945,,,,,,,
2021-12-28,-0.0018414115703315513,,,,,,,0.0012570908534300439,,-0.003781140491033762,,,,,,,,-9.988831705689183e-05,,,,,,0.003504268047668284,,,,,,,,,,,,,,,,0.0033082464340625905,,,,,,,,,,-0.003781140491033762,,,,,,,,,,,,,,,,,,,,,,,,,,,,,,,,,,,,,,,,,,,,,,,,,,-0.0013285752940935523,,,,,,,,,,,,,,,,,,,,,,,,,,,,,0.0070552469800947365,,,,,,,,,,,,,,,,,,,,,,,,,,,,,,,,-0.00288160370352198,,,,,,,,,,,,,,,,-0.000996397272096231,,,,,,,,,,,,,,,,,,,,,,,,,,
2021-12-29,-0.00024412963608723206,,,,,,,,,0.0027269714258614805,,,,,,,,5.705816454209487e-05,,,0.0027269714258614805,,,0.00246985345479607,,,,,-0.0023856202933559287,,,,,,0.0014751825014366394,,,,,-0.00017853245540810613,,,,,,,,,,,,,,,,,,0.0014349722396722194,,,,,-0.002934426701019237,,,,,,,,,,,,,,,,,,,-0.00209494222020019,,,,,,,,,,,,,,,-0.0009247227846061321,,,-8.028247241007624e-05,,,,,,,,,,-0.0023856202933559287,,,,,,,,,,,,,,,,,,,0.0011770425190663905,-0.0023856202933559287,-0.0019926891116795243,,,,,,,,,,,,,,,,,,,,,,,,,,,,,,0.0003969618943644081,,,,,,-0.002934426701019237,,0.003410289717140929,,,,,,,,-0.0013020581060608463,,,,,,,,,,,,,,,,,,,,,,,,,,
2021-12-30,-0.00024412963608723206,,,,,,,,,0.0027269714258614805,,,,,,,,5.705816454209487e-05,,,0.0027269714258614805,,,0.00246985345479607,,,,,-0.0023856202933559287,,,,,,0.0014751825014366394,,,,,-0.00017853245540810613,,,,,,,,,,,,,,,,,,0.0014349722396722194,,,,,-0.002934426701019237,,,,,,,,,,,,,,,,,,,-0.00209494222020019,,,,,,,,,,,,,,,-0.0009247227846061321,,,-8.028247241007624e-05,,,,,,,,,,-0.0023856202933559287,,,,,,,,,,,,,,,,,,,0.0011770425190663905,-0.0023856202933559287,-0.0019926891116795243,,,,,,,,,,,,,,,,,,,,,,,,,,,,,,0.0003969618943644081,,,,,,-0.002934426701019237,,0.003410289717140929,,,,,,,,-0.0013020581060608463,,,,,,,,,,,,,,,,,,,,,,,,,,
2021-12-31,-0.004052235715487731,,,,,,,0.005296594297661039,,,,,,,,,,-0.0020905652878635515,,0.0033595550412785407,,,,0.0002153712161426253,,,,,,,,,,,,-0.0010215613272897212,,,,,,,,,,,,,,-0.003021901239803725,,,,,,,,,,,,,,,,,,,,,,,,,,,,,,,,,,,,,,,,,,,,,,,,,,,,,,,,,,,,,,,,,,,,,,,,,,,0.0013818409683112806,,,,-0.00116728808416187,,,,,,,,,,,,,,,,,,,,,,,,-0.007869197005654844,,,,,,,,,,,,,,,,,,,,,,,,,,,,,,,,,,,,,,,,,,,,,,,,,,
2022-01-01,-0.0008215319073569623,,,,,,,,,,,,,,,,,0.0,,,,,,,,,,,,,,,,,,,,,,,,,,,,,,,,,,,,,,,,,,,,,,,,,,,,,,,,,,,,,,,,,,,,,,,,,,,,,,,,,,,,,,,,,,,,,,,,,,,,,,,,,,,,,,,,,,,,,,,,,,,,,,,,,,,,,,,,,,,,,,,,,,,,,,,,,,,,,,,,,,,,,,,,,,,,,,,,,,,,,,,,,
2022-01-02,-0.0018605409462390079,,,,,,,,,,,,,,,,,0.00012035117112534402,,,,,,,,,,,,,,,,,,,,,,,,,,,,,,,,,,,,,,,,,,,,,,,,,,,,,,,,,,,,,,,,,,,,,,,,,,,,,,,,,,,,,,,,,0.00028001304992164295,,,,,,,,,,,0.003453698158992759,,,,,,,-0.0031272831203007804,,,,-0.00831700636663407,,,,,,,,,,,,,,,,,,,,,,,,-0.012607051646353593,,,,,,,,-0.0049267893705030735,,,,,,,,,,,,,,,,,,,,,,,,,,,,,,,,,,,,,,,,,,
2022-01-03,-0.000778347194192972,,,,,,,0.0046467650930309395,,-0.0028429830747017664,,-0.0036874337592512543,,,,,,-0.0028727261694776684,0.006667224087221525,,,,,0.0014092589628116377,0.0022327798200256358,-0.0006238880446809739,,,,,,,,,,,,,,0.0061202275360733235,,,,-0.00012028576426227687,,,,,,,,,0.021643557932821453,,,,,0.0059950608242188815,,,,,,,,,,,,,,,,,,0.021643557932821453,,,,,,,,,,,,,,-0.00014163819139883605,,,,,,,,,,-0.0026404737541193602,,,,,,,0.0016642515696746831,,,,,,,,0.0012815424842850577,,,0.0034752671263458797,,,,,,,,,,,0.03369145658540019,,,,,,,,,,,-0.00431914229223496,,,,,,,,,,,,,,,,,,,,,-0.004533880680209842,,,,,,,,,,,,,,,,0.0076796584433303046,,,,,,,,,,,,,,,,,,,,,,,,,,0.0030730848190478437
2022-01-04,-0.0014547295447928372,,,,,,,0.0005713187296554692,,0.0008088290669758214,,,,,,,,0.0003963984316500055,,,0.001936140657045071,-0.011508713545692013,,0.0009617583803341829,-0.007873576790670304,,,,,,,0.002620845445949268,,-0.011793462077050778,,-0.008943024540324787,,,,0.002081786555019263,,,0.0033732457348558103,,,,,,,,-0.0007741795529048147,,,,,,,0.0021916128570587724,,,0.010650660345413569,,-0.0017510846437172097,,,0.0024154689298235563,,,,,,,,,,,,,,,,,,,,,,,,,,,,,,,,,,-0.001856760656062125,,,,,,,0.0005599080382126736,,,,,,,,,,,,,,,,-0.0011938427486185262,,,,,,0.0004949357254594863,0.0002625644537710319,1.437740750231324e-05,,1.437740750231324e-05,,,,,,,0.001936140657045071,,,,,,,,,,,,,0.0013261191631144772,,,,,,,,0.00017109171706612344,,,,,,,,,,,,,,,,-0.0012082573581533905,,,,,,,,,,,,,0.002356931693665993,,,,,,,,,,0.005989876937083086,0.001936140657045071,,0.00019983020863458489
2022-01-05,-0.0009334436020064797,,,,,,,0.001006016477091665,,0.004967870713356672,,,,,,,,-0.001287621711910113,,,-0.018674399535248375,,,-0.0008158201169917962,,,,,0.004967870713356672,,,,,,,,,,,0.0014764953901402547,,,,,,,,,,,,0.005534317768098035,,,,,,0.0009334436020064797,,,,,-0.011157815173602436,,,,,,,,,,,,,,,,,,,,,,,,,,,,,,,,,,,,,0.0016650881047223448,,,,,,,0.0009334436020064797,,,,,,,,,,,,,,,,,,,,,,0.0016211164343577914,-0.0017690947571473636,-0.001778146223832178,,,,,,,,,,,,,,,,,,,,,,,,,,,,0.004193353728791905,,0.0038233246833999823,,,,,,,,,,,,,,,,,,,,,,,,,,,,,,,,,,,,,,,,,,
2022-01-06,-0.0020752877845958318,,,,,,,0.002726617025340735,,,,,,,,-0.00026678616873131774,,-0.002193168556982129,,,0.004601178160953496,,,,0.0001898320615457928,,,,,,,,,,0.00402359812263291,,,,,0.0016563887350777753,,,,,,,,,,,0.0032733127459573584,,,,,,,-0.014998034373472094,,,,,0.002661316851637556,,,,,,,,,,,,,,,,,,,,,,,,,,,,,,,,,,,,,0.004234881780924522,,,,,,,,,,,,,,,,,,,,,,,0.009297068675763584,,,,,,-0.0004404348802116865,,,,,,,,,,,,,,,,,,,,,,,,,,,,,,,,,,,,,,,,,,,,,,,,,,,,,,,,,,,,,,,,,,,,,,,,,,
2022-01-07,-0.0005459443159787443,,,,,,,,,0.0009841207383234083,,,,,,,,-0.0017874427407434965,,,,,,,,-0.0013899298522003247,,,,,,,,,,,,,,-0.00016111422609985972,,,,,,,,,,,-0.0004781652719400393,,,,,,,-0.0032476066473835375,0.001390865134827721,,,,-0.010287213344527665,,,,-0.0033883064846412965,,,,,,,,,,,,,,,,,,,,,,,,,,,,,,,,,0.0003311583404858613,,,,,,,,,,,,,,,,,,0.008442286873675887,,,,,0.00012853047854306798,,,,,,-0.0012974288827430618,,-0.001544516238603832,,-0.0005408905969945495,,,,,,,,,,,,,,,,-0.0032476066473835375,,,,,,,,,,,,,,,,,,,,,0.018104293310925827,,,,,,,0.0009318986531445831,,,,,,,,0.0034884732032007338,,,,,,,,,,,,,,,,,,
2022-01-08,0.006437976443554849,,,,,,,,,,,,,,,,,0.003207473909251522,,,,,-0.0007939610918330977,,,,,,-0.014880357194926733,,,,,,,,,,,,,,,,,,,,,,,,,,,,,,,,,,,,,,,,,,,,,,,,,,,,,,,,,,,,,,,,,,,,,,,,,,,,,,,,,,,,,,,,,,,,,,,,,,,,,,,,,,,,,,,,,,,,,,,,,,,,,,,,,,,,,,,,,,,,,,,,,,,,0.009261226821879449,,,,,,,,,,,,,,,,,-0.006592571790234913,,,,,,,,,
2022-01-09,-0.0022847898068014344,,,,,,,,,,,,,,,,,0.002619626480642162,,,,,0.008171759979485896,0.003078880049984906,,,,,,,,,,,,,,,,0.000339075243127925,,,,,,,,,,,,,,,,,,,,,,,,,,,,,,,,,,,,,,,,,,,,,,,,,,,,,,,,,,,,,,,,,,,,,,,,,,,,,,,,,,,,,,,,,-0.0011552845642532183,,-0.0011552845642532183,,,,,,,,,,,,,,,,,,,,,,,,,,,,,,,,,,,,,,,,,,,,,,,,,,,,,,0.00109021794135801,,,,,,,,,,,,,,,,,,
2022-01-10,-0.001341997743538453,,,,,,,0.00045868527629928783,-0.002511116987195035,-0.002903508037918166,,,,,,,,-0.002723118232835567,,,,,,0.004114839270138135,0.00059996462845561,,,,-0.004061363146935417,,,-0.001313243711027088,,,,,,,,0.0011409791986287839,,,,,,,,,,,0.0019856392094962563,,,,,,,0.0004950412393363442,,,,,0.0033066846675749674,,,,,,,,,-0.0005238688395373897,,,,,,-0.0016184122953445386,,,,,-0.0009567933796796257,,,,,,,,,,,,,,,,,-0.0005855260465290773,,,,,,,,,,,0.004554677118136877,,,,,,,,,,,,,,,,,,0.002466776536919654,,0.0005037853153627801,,0.0005130550992770568,,,,,,,,,,,,,,,,-0.002355420205514865,,,,0.0015110205886662003,,,,,,,,0.002337210149856306,,,,,,,,,,0.004554677118136877,,,,,,0.005958225505546269,,,,,,,,0.0020766575084473285,,,-0.0005238688395373897,,0.001341997743538453,,,-0.004061363146935417,,,,,0.005208674721343733,,,,,0.0028253304242054095
2022-01-11,-0.0013304716710035235,,,,,,,,,0.0008473612126283193,,,,,,,,-0.0010782044926284154,,,,,-0.004079803742024008,-0.0009756157578571362,,,,,,,,0.0007258511610665849,,,,,,,,0.00128769784730639,,,,-0.0005943041092109746,,,,,,,,,,,,,,,,,,,-0.0027790338987935927,,,,,,,,,,,,,,,,,,,,,,,,,,,,,,,,,0.015424507075220485,,,,0.0005452387974674203,,,,,,,,,,,,,,,,,0.0037880137909715164,,,,,,0.00026316576775050064,,,,,,0.0024454677039003393,0.0013304716710035235,,,,,,,,,,,,,,,,0.0034624720121235776,0.0034624720121235776,,0.0007258511610665849,,,,0.00036525797269071716,,,,,,,,-0.0004533207906895385,,,,,,,,,,,,,,,,,,,,,,,,,,,,,,,,,,,,,,,,,,
2022-01-12,-0.0003482001029055722,,,,,,,-0.0012730935041021247,,0.0004203197472517552,,,,,,,,-6.549877231722242e-05,,,,,-0.007123986757115463,,,,,,,,,-0.0012730935041021247,,,,-0.0018398096039011237,,,,-0.003062208464040749,,,,,,,,,,-0.0012730935041021247,,,,,,,,,,,,,0.0009279102478331084,,,,,,,,,,,,,,,0.0006824827990960858,,,,,0.008701581551716056,,,,,,,,,,,,,,,,,-0.0006650364515224879,,,,,,,,,,,0.00263823585470161,,-0.0023134626378085504,,,,,0.003966589793136949,,,,,-0.0009928442353728606,,,,,,-0.0005604131283333324,,-0.005414201095966167,0.0037667697733554557,0.02307547283017827,,,,,,,,,,,,,,,,-0.0016103475463567992,,,,,,,,,,,,,,0.00034190701293861407,,,,-0.018957835665913414,,,,,,,,,,-0.003619297789993747,,,,,,,,0.016143361795481856,,,,,,,,,,,,,,,,,,
2022-01-13,-0.0003482001029055722,,,,,,,-0.0012730935041021247,,0.0004203197472517552,,,,,,,,-6.549877231722242e-05,,,,,-0.007123986757115463,,,,,,,,,-0.0012730935041021247,,,,-0.0018398096039011237,,,,-0.003062208464040749,,,,,,,,,,-0.0012730935041021247,,,,,,,,,,,,,0.0009279102478331084,,,,,,,,,,,,,,,0.0006824827990960858,,,,,0.008701581551716056,,,,,,,,,,,,,,,,,-0.0006650364515224879,,,,,,,,,,,0.00263823585470161,,-0.0023134626378085504,,,,,0.003966589793136949,,,,,-0.0009928442353728606,,,,,,-0.0005604131283333324,,-0.005414201095966167,0.0037667697733554557,0.02307547283017827,,,,,,,,,,,,,,,,-0.0016103475463567992,,,,,,,,,,,,,,0.00034190701293861407,,,,-0.018957835665913414,,,,,,,,,,-0.003619297789993747,,,,,,,,0.016143361795481856,,,,,,,,,,,,,,,,,,
2022-01-14,0.00019959119988404453,,,,,,,-0.003063941782746405,,,,,,,,,,-0.0023184342278620377,,,,0.03364994760014982,,0.005298471879541182,0.0019600867489402217,,0.005232087048522366,,,,,-0.0024802489415767398,,,,,,,,-0.0031935739754394257,,,,,,,,,,,,,,,,,,-0.001381624296810757,,,,,,,,-0.00039835093911126657,0.005232087048522366,,,,,,,,,,,0.0014633115490073553,,,-0.00039835093911126657,,,,,,,,,,,,,,,,,,,,,,,,,,,,,,,,,,,,0.0007969805931479278,-0.004535258567483586,,,,,,,,,,,-0.007370677380404193,,,,,,,,,,,,,,,,,,,,-0.0006129064432142417,,,,,,,,,,,,,,,,,,,,,,,,,,,,-0.0024802489415767398,,,,,,,,,,,,,,,,,,,,,,,,,,0.005232087048522366
2022-01-15,6.928588610760881e-05,,,,,,,,,,,,,,,,,-0.003367855413908251,,,,,,0.00010796472871843435,,,,,,,,,,,,,,,,,,,,,,,,,,,,,,,,,,,,,,,,,,,,,,,,,,,,,,,,-0.0014438815258902423,,,,,,,,,-0.0035416322220162637,,,,,,,,,,,-0.0014016690923821231,,,,,,,,,,,,,,,,,,0.005312040909910208,,,,,,,,,,,0.0018323712722732714,,,,,,,,,0.008596788598802588,,,,,,,,,,,,,,,-0.0014438815258902423,,,,,,,,,,,,,,,,,,,,,,,,,,,,,,,,,,,,,,,,,,,,,,,,,,
2022-01-16,6.928588610760881e-05,,,,,,,,,,,,,,,,,-0.003367855413908251,,,,,,0.00010796472871843435,,,,,,,,,,,,,,,,,,,,,,,,,,,,,,,,,,,,,,,,,,,,,,,,,,,,,,,,-0.0014438815258902423,,,,,,,,,-0.0035416322220162637,,,,,,,,,,,-0.0014016690923821231,,,,,,,,,,,,,,,,,,0.005312040909910208,,,,,,,,,,,0.0018323712722732714,,,,,,,,,0.008596788598802588,,,,,,,,,,,,,,,-0.0014438815258902423,,,,,,,,,,,,,,,,,,,,,,,,,,,,,,,,,,,,,,,,,,,,,,,,,,
2022-01-17,-0.0007978077363727263,,,,,,,-0.007370940448349893,,,,,,,,,,0.000783411344718538,,,,,,0.0016384665978071648,,,,,,,,-0.0012242325022280213,,,,,,,,-0.0012242325022280213,,,,,,,,,,-0.014129793398124936,,,,,,,,,,,,,,,,,,,,,,,,,,,,,,,,,,0.0013626565660896338,,,,,,,,,-0.007370940448349893,,,,,,,-0.0022328187824194965,,,,,,,,,,,,,,,,,,,,,,,,,,,,,3.1725481026558455e-05,,,,0.0036407628934933853,,,,,,,,,,,,,,,,-0.0012242325022280213,,,,-0.004455614936347184,,,,,,,,0.0020888221243483733,,,,,,,,,,,,,,,,,,,,,,,,,,,,,,,,,,,,,,,,,,
2022-01-18,-0.0010418538949407852,,,,,,,-0.0010719276464407402,,0.000618358573816739,,,,,,,,0.0014922150779178487,,,,,,0.00022581398752996313,-0.0008945008895152636,,,,,,,-0.00021408142170329172,,,,0.012422891017814587,,,,-0.0006978348234319514,,,,,,,,,,,-0.0008945008895152636,,,,,,,0.0004109649408600382,,,,,0.003606284338424917,,,,0.04186651198842926,,,,,,,,,,,,,,,,,,,,,,,-0.006851456227591165,,,,,,,,,,-0.00019686054467214342,,,,,,-0.0008945008895152636,,,,,,,,,,,,,,,,,,,,,,,,-0.0010257997317236773,,,,,,,,,,0.0022684903045760135,,,,,,,,,-0.002102301318570578,,,,,,,,,,,,0.0013126628554676713,,,,,,,,,,,,,,,,0.0002956780461657605,,,-0.0008945008895152636,,,,,,,,,,0.000705802881689498,,,,,,,,,,,,,
2022-01-19,-0.0010418538949407852,,,,,,,-0.0010719276464407402,,0.000618358573816739,,,,,,,,0.0014922150779178487,,,,,,0.00022581398752996313,-0.0008945008895152636,,,,,,,-0.00021408142170329172,,,,0.012422891017814587,,,,-0.0006978348234319514,,,,,,,,,,,-0.0008945008895152636,,,,,,,0.0004109649408600382,,,,,0.003606284338424917,,,,0.04186651198842926,,,,,,,,,,,,,,,,,,,,,,,-0.006851456227591165,,,,,,,,,,-0.00019686054467214342,,,,,,-0.0008945008895152636,,,,,,,,,,,,,,,,,,,,,,,,-0.0010257997317236773,,,,,,,,,,0.0022684903045760135,,,,,,,,,-0.002102301318570578,,,,,,,,,,,,0.0013126628554676713,,,,,,,,,,,,,,,,0.0002956780461657605,,,-0.0008945008895152636,,,,,,,,,,0.000705802881689498,,,,,,,,,,,,,
2022-01-20,-0.0018358737339714388,,,,,,,0.01623215143240973,,-0.0023295041400361875,,,,,,,,-0.0004912795506480457,,,,,,-0.0006910979009458755,,-0.0009032041927955693,,,,,,0.0028681531100617844,,,,,,,,-0.0032763414529950563,,,,,,,,,,,,,,,,,,,,,,,,,,,,,,,,,,,,,,,,,,,,,,,,,,,,,,,,,-0.000786496441813932,,,0.00088502661172678,,,,,,,,,,,0.00936127195296052,,,,,,,,,,,,,,,,,,-0.0006925847897054443,,9.404924420465554e-05,,,,,,,,,,,,,,,,,,0.0028681531100617844,,,,,,,,,,,,-0.00606017727385467,,,,,,,,,,,,,,,,9.404924420465554e-05,,,,,,,,,,,,,,,,,,,,,,,,,,
2022-01-21,-0.0018358737339714388,,,,,,,0.01623215143240973,,-0.0023295041400361875,,,,,,,,-0.0004912795506480457,,,,,,-0.0006910979009458755,,-0.0009032041927955693,,,,,,0.0028681531100617844,,,,,,,,-0.0032763414529950563,,,,,,,,,,,,,,,,,,,,,,,,,,,,,,,,,,,,,,,,,,,,,,,,,,,,,,,,,-0.000786496441813932,,,0.00088502661172678,,,,,,,,,,,0.00936127195296052,,,,,,,,,,,,,,,,,,-0.0006925847897054443,,9.404924420465554e-05,,,,,,,,,,,,,,,,,,0.0028681531100617844,,,,,,,,,,,,-0.00606017727385467,,,,,,,,,,,,,,,,9.404924420465554e-05,,,,,,,,,,,,,,,,,,,,,,,,,,
2022-01-22,-0.0018358737339714388,,,,,,,0.01623215143240973,,-0.0023295041400361875,,,,,,,,-0.0004912795506480457,,,,,,-0.0006910979009458755,,-0.0009032041927955693,,,,,,0.0028681531100617844,,,,,,,,-0.0032763414529950563,,,,,,,,,,,,,,,,,,,,,,,,,,,,,,,,,,,,,,,,,,,,,,,,,,,,,,,,,-0.000786496441813932,,,0.00088502661172678,,,,,,,,,,,0.00936127195296052,,,,,,,,,,,,,,,,,,-0.0006925847897054443,,9.404924420465554e-05,,,,,,,,,,,,,,,,,,0.0028681531100617844,,,,,,,,,,,,-0.00606017727385467,,,,,,,,,,,,,,,,9.404924420465554e-05,,,,,,,,,,,,,,,,,,,,,,,,,,
2022-01-23,-0.00034433707282812906,,,,,,,,,,,,,,,,,0.0005540012475248933,,,,,,-0.00240847283239364,,,,,,,,,,,,,,,,,,,,,,,,,,,,,,,,,,,,,,,,,,,,,,,,,,,,,,,,,,,,,,,,,,-0.0011722966070560007,,,,,,,,,,-0.00012222553623845544,,,,,,,,,,,,,,,,,,,,,,,,,,,,,,,,,,,,,,,,,,,,,,,,,,,,,,,,,,,,,,,,,,,,,,,,,,,,,-0.0003687126885378839,,,,,,,,,,,,,,,,,,,,,,,,,,
2022-01-24,-0.002178559433359696,,,,,,,-0.0008956534794665985,,-0.0003776995668021985,,,,,,,,0.0018154095380795892,,-0.0013681692836644793,,,,-0.001041872146846149,-0.004376852527457668,,,,,,,,,-0.001216265959822624,,,,-0.0006315374609428353,,-0.0013962481620580364,,,,,,,,,,,,,,,,,0.009753169340949459,,,,,,,,,,,,,,,,,,,,,,,,,,,0.0037820743380307343,,,,,,-0.0009042032428340624,,,,,,,,,,0.0010669663182067365,,,,,,,,,,,,,,,,,0.004907243634551044,-0.0010663754294620085,,,,,-0.0006315374609428353,,0.006857414517520607,,,,0.0060309662434407975,,,,,,,,,,,,,,,,,,,0.0015671093071230376,-0.00045746981439866857,,,,,,,,,,,,-0.001216265959822624,,,,,-0.0006315374609428353,,,,,,,,,,,-0.0023971048959051107,,,,,,,,,,,,,,,,-0.0006315374609428353,,,-0.0009042032428340624,,,,,,,
2022-01-25,-0.002178559433359696,,,,,,,-0.0008956534794665985,,-0.0003776995668021985,,,,,,,,0.0018154095380795892,,-0.0013681692836644793,,,,-0.001041872146846149,-0.004376852527457668,,,,,,,,,-0.001216265959822624,,,,-0.0006315374609428353,,-0.0013962481620580364,,,,,,,,,,,,,,,,,0.009753169340949459,,,,,,,,,,,,,,,,,,,,,,,,,,,0.0037820743380307343,,,,,,-0.0009042032428340624,,,,,,,,,,0.0010669663182067365,,,,,,,,,,,,,,,,,0.004907243634551044,-0.0010663754294620085,,,,,-0.0006315374609428353,,0.006857414517520607,,,,0.0060309662434407975,,,,,,,,,,,,,,,,,,,0.0015671093071230376,-0.00045746981439866857,,,,,,,,,,,,-0.001216265959822624,,,,,-0.0006315374609428353,,,,,,,,,,,-0.0023971048959051107,,,,,,,,,,,,,,,,-0.0006315374609428353,,,-0.0009042032428340624,,,,,,,
2022-01-26,7.841308829852123e-06,,,,,,,-0.0002819696144872239,,0.0013821286678186526,,,,0.0024341611331725912,,,,-0.0002828716082244264,,,,,,0.007085848750480263,,,,,,,,0.00019137112973975596,,,,-0.006060356918476896,,,,0.00023875548667032204,,,,,,,,,,-0.0009042601156964197,,,,,,,0.004175092321956534,-0.0003570576936225457,,,,,,,,0.004175092321956534,,,,,,,,,,,,,,,,,,,,,,,,,,,,,,,,,,-0.0012891552646124474,,,,,,,,,,,0.004175092321956534,,0.0010264368486693058,,-7.841308829852123e-06,,,0.0036478816577757904,,,,,-0.00015051582830207023,,0.005026138051854771,-0.005552588030960412,-0.0002801963417136472,,-0.003995513408637339,,,,,,,,,-0.0026628260426676317,,,,,,,,,,,0.0012951853126602238,,,,-0.0014963500215675173,,,,,,,,,,,,,,,,,,,,,,,,0.00030928635010386276,,,,,,,,,,,,,,,,,,,,,,,,,,
2022-01-27,7.841308829852123e-06,,,,,,,-0.0002819696144872239,,0.0013821286678186526,,,,0.0024341611331725912,,,,-0.0002828716082244264,,,,,,0.007085848750480263,,,,,,,,0.00019137112973975596,,,,-0.006060356918476896,,,,0.00023875548667032204,,,,,,,,,,-0.0009042601156964197,,,,,,,0.004175092321956534,-0.0003570576936225457,,,,,,,,0.004175092321956534,,,,,,,,,,,,,,,,,,,,,,,,,,,,,,,,,,-0.0012891552646124474,,,,,,,,,,,0.004175092321956534,,0.0010264368486693058,,-7.841308829852123e-06,,,0.0036478816577757904,,,,,-0.00015051582830207023,,0.005026138051854771,-0.005552588030960412,-0.0002801963417136472,,-0.003995513408637339,,,,,,,,,-0.0026628260426676317,,,,,,,,,,,0.0012951853126602238,,,,-0.0014963500215675173,,,,,,,,,,,,,,,,,,,,,,,,0.00030928635010386276,,,,,,,,,,,,,,,,,,,,,,,,,,
2022-01-28,-0.0002668181051570611,,,,,,,-0.0014103869534496723,,,,,,,,-0.005995241251338074,,-0.001611334365760806,,-0.001023437881630718,,,,4.7982770504404734e-05,,-0.0040121197402143444,,,,,,,,,,,,,,,,,,,,,,,,-0.01056680032339808,,,,,,,,0.0015007014117320609,,,,,,,,,,,,,,,,,,,,,,,,,,,,,,,,-0.00216349116192632,0.02091517656065982,,,,,,,,,-0.0008936452105308089,,,,,,,,,,,0.002277584537128901,,,,,,,,,,,,0.0015007014117320609,,,,,,0.002330233448826217,0.0015007014117320609,0.0024454226701212823,,,,,,,0.0002668181051570611,,,,,,,,,,,,,,,-0.0010172582711670212,,,,,,,,-0.005995241251338074,,0.0015007014117320609,,,,,,,,,,,,,,,,,,,,,,0.002277584537128901,,,,,,,,,,,,,,,,,,
2022-01-29,-0.0012184151683373348,,,,,,,0.0015868141945850288,,0.0015868141945850288,,,,,,,,-0.002911516839939912,,,,,,0.005532106825657667,,,,,,,,,,,,,,,,0.004401506586722873,,,,,,,,,,,0.0012184151683373348,,,,,,,,,,,,,,,,,,,,,,,,,,,,,,,,,,0.008611401688458564,,,,,,,,,,,,,,,-0.0009842883132998514,,,,,,,,,,,,,,,,,,,,,,,0.008611401688458564,,,0.008611401688458564,,,0.0018055039126719282,0.0014904651602438478,,,,,,,,,,,,,,,,,,,,,,,,,,,,,,,,,,,,,,,,,,,,,,,,,,,,,,,,,,,,,,,,,,,,,,,,,
2022-01-30,-0.002066660180081743,,,,,,,,,,,,,,,,,-0.0031066614656313995,,,,,,,,,,,,,,,,,,,,,,0.004302797273581239,,,,,,,,,,,,,-0.009402808095368998,,,,,,,,,,,,,,,,,,,,,,,,,1.926327742405318e-05,,,,,,,,,,,,,,,,,,,,,,0.0009242255896549263,,,,,,,,,,,,,,,,,,,,,,,,,,,,,,,,,,0.0032029341106087576,,,,,,,,,,,,,,,0.0012826846401185906,,,,,,,,,,,,,,,,,,,,,,,,0.007327602941024499,,,,0.0028346868124525296,,,,,,,,,,,,,,,,,,,,,,,,,,
2022-01-31,-0.0011702027939544666,,,,,,,0.0012505333737687935,,-0.0008431081023261902,,,,,,,,-0.002386001770223389,,,,,,-0.00255139067484487,,0.002454289270758245,,,,,,-0.004161796743471452,,0.01168600278343867,,,,,,-0.0020196750281217543,,,,,,,,,,,,,,,,,,-0.0007878503301614046,,,,,-0.003745478808673393,,,,,,,-0.003714995056558477,,,,,,,0.0013111877004124916,,,0.011374284426607527,0.0011702027939544666,,,,,,,,,,,,,,,,,,,0.002850310320836187,,,,,,,,,,,0.0033667498220263355,,,,,,,0.0030984952891135327,,0.0059764316665733876,,,,,,,,,,0.0013706065453003313,0.004466678987690909,,,,,,,,,,,,,,,,,,,,,,-0.0030277297242803126,,,,,,,,-0.00037351508748616853,,,,,,,,,,,,,,,,0.0002401803601461283,,,,,,,,-0.0012284251908382304,,,0.0011702027939544666,,,,,,,,,,,,,,,
2022-02-01,-0.0014597544243872503,,,,,,,0.0018040875331588064,,,,,,,,,,-0.0005634242656264799,,0.0009109995491990525,,,,0.006348847966965977,0.0009109995491990525,,,,,,,0.004037113868089995,,,,-0.007420041844537475,,,,,,,,0.0009109995491990525,,0.0025411667488830425,,,,,,,,,,,,0.006463156737960473,,,,,,,,,,,,,,,,,,-0.0002870794392349377,,,,,,,,0.007350539273288622,,,,,,,,,,,,,,,,0.0011036155321599013,,,,,,,-0.0019439987808136786,,,,,,,,,,,0.008832533033498905,,,,,,,,,,,0.005015418343033649,-0.0019439987808136786,,,,,,,,,0.004037113868089995,,,,,,,,,0.00048694130827227756,0.004037113868089995,,,,,,,,,,,,,,,,,,,,,,,,,,,,,,,,,,,,,,,,,,,0.00048694130827227756,,,,,,,,,,,-0.0007441023249240481
2022-02-02,-0.0014597544243872503,,,,,,,0.0018040875331588064,,,,,,,,,,-0.0005634242656264799,,0.0009109995491990525,,,,0.006348847966965977,0.0009109995491990525,,,,,,,0.004037113868089995,,,,-0.007420041844537475,,,,,,,,0.0009109995491990525,,0.0025411667488830425,,,,,,,,,,,,0.006463156737960473,,,,,,,,,,,,,,,,,,-0.0002870794392349377,,,,,,,,0.007350539273288622,,,,,,,,,,,,,,,,0.0011036155321599013,,,,,,,-0.0019439987808136786,,,,,,,,,,,0.008832533033498905,,,,,,,,,,,0.005015418343033649,-0.0019439987808136786,,,,,,,,,0.004037113868089995,,,,,,,,,0.00048694130827227756,0.004037113868089995,,,,,,,,,,,,,,,,,,,,,,,,,,,,,,,,,,,,,,,,,,,0.00048694130827227756,,,,,,,,,,,-0.0007441023249240481
2022-02-03,-0.0007120615078838121,,,,,,,0.0007258780930991869,-0.018630164644187548,-0.006452135797158564,,,,,,,,-0.00032055366326984487,,0.004013392563298713,,-0.006452135797158564,,-0.001819555280211225,0.004013392563298713,,,,,,,-0.003440149313700307,,0.00040393213052084475,,,,,,-0.001771890188411941,,,0.0017238374557211403,0.00030456107859344334,,,,,,,0.010390046283524832,,,,,,,0.0029475157130467297,,,,0.03461754995882682,,,,,,,,,,,,,,,,-0.000755665276871958,,,,,,,,,,,,,,,,,,,,,,6.158715730120623e-05,,,,,,,,,,,,,0.008821177776392863,,,,,,,,,,,,,-0.004764389751699961,,,0.004059467251916509,,,,,,,,,,,,,,,,,,,,,,,,,,,,,,,,-0.0008567135925177943,,,,,,,,,,,,,,,,0.0010401111823834161,,,,,,,,,,,,,,,,,,,,,,,,,,
2022-02-04,-0.0007120615078838121,,,,,,,0.0007258780930991869,-0.018630164644187548,-0.006452135797158564,,,,,,,,-0.00032055366326984487,,0.004013392563298713,,-0.006452135797158564,,-0.001819555280211225,0.004013392563298713,,,,,,,-0.003440149313700307,,0.00040393213052084475,,,,,,-0.001771890188411941,,,0.0017238374557211403,0.00030456107859344334,,,,,,,0.010390046283524832,,,,,,,0.0029475157130467297,,,,0.03461754995882682,,,,,,,,,,,,,,,,-0.000755665276871958,,,,,,,,,,,,,,,,,,,,,,6.158715730120623e-05,,,,,,,,,,,,,0.008821177776392863,,,,,,,,,,,,,-0.004764389751699961,,,0.004059467251916509,,,,,,,,,,,,,,,,,,,,,,,,,,,,,,,,-0.0008567135925177943,,,,,,,,,,,,,,,,0.0010401111823834161,,,,,,,,,,,,,,,,,,,,,,,,,,
2022-02-05,-0.0009538885733864363,,,,,,,,,0.0030874580889451984,,,,,,,,-2.033834716155434e-05,,,,,,-0.0009970517798638286,,,,,,,,,,,,,,,,,,,-0.000462333901002062,,,,,,,,,,,,,,,,,,,,,,,,,,,,,,,,,,,,,,,,,,,,,,,,,,,,,,,,,-0.0010950570112755287,,,,,,,,,,,,,,,,,,-0.0009970517798638286,,,,,,,,,,,,,,,,,,,,,,,,,,,,,,,,,,,,,,,,,,,,,,,,,,,,,,,,,,,,,,,,,,,,,,,,,,,,,,,,,,,,,-0.006392570433372309
2022-02-06,-0.0028485757080905253,,,,,,,0.0013074705816043222,,,,,,,,,,-0.0008667291918180659,0.0013074705816043222,,,,,-0.0003257090533275572,,,,,,,,,,,0.009310924448740314,,,,,0.0013074705816043222,,,,,,,,,,,,,,,,,,0.002558131328189276,,,,,,,,,,,,,,,,,,,,,,,,,,,,,,,,,,,,,,,,,,,,,,,,,,,,,-0.007357449929445884,,,,,,,0.0013074705816043222,,,,,,,,,,,,,,,,,,,,,,,,,,,,,,,,,,,0.0013074705816043222,,,,,,,,,,,,,,,,,,,,,,,,,,,,,,,,-0.007357449929445884,,,,,,,,,,,,,,,,,,
2022-02-07,-0.0025326050853368013,,,,,,,0.0034662881254087802,,,,,,,,,,0.001396152990737126,,,,,,0.000324125728735831,,,,,,-0.010114271136236485,,,,,,,,,,,,,,0.008794149808419995,,,,,,,,,,,,,,-0.0011913018837624778,,,,,,,,,,,,,,,,,,,,,,,,,,,,,,,,-0.001161630429565741,,,,,,,,,,-0.002210327944448826,,,,,,,,,,,,,,,,,,,,,,,,,,,,,0.0027536640461828387,,0.0025326050853368013,,,,,,,,,,,,,,0.002338820468541037,,,,,,,,,,,,,,,,-0.003365304495682224,,,,-0.0071203420616519865,,,,,,,,,,,,0.0012945440094416511,,,,,,,,0.0045116078658357095,,,,,,,,,,,,,,,,,,
2022-02-08,-0.000642412136742604,,,,,-0.002747504556054669,,0.003539688179891325,,,,,,,,,,-0.0009908546338069078,,,,2.4162525043247693e-05,,-0.003476461260968828,,,,,,,,,,,,,,,,,,,,,,,,,,,,,-0.0013871478069072576,2.4162525043247693e-05,,,,-0.011692606982537037,,,,,,,,,,,,,,2.4162525043247693e-05,,,,,-0.0034544916884401,,,,,,,,,,,,,-0.0034544916884401,,,,,,,,,,0.00015066898469069168,,,,,,,,,,,0.007536020776732105,,,,,,,0.008490812436551504,,,,,,,,,,,-0.0013681201577044905,-0.0013871478069072576,,,,,,,,,,,,,,,,,,,,,,,-0.0024214148380253004,,,,,,,,,,,,,,,,,,,,,,,,0.07207098356531409,,,,,,,-0.0035086386721192996,,,,2.4162525043247693e-05,,,,,,,,,,,,,,,0.004026042327231317
2022-02-09,-2.4335724901939036e-05,,,,,2.4335724901939036e-05,,0.00115552602888195,,0.0006219131585664414,,,,,,0.006217053089281421,,-0.0018151607142849859,,,0.00022642451463259438,,,0.0009207382211825973,,,,2.4335724901939036e-05,,,,,,,0.023668724123388715,,,,,,,,,,,,,,,,,,,,,,,-0.00634154852183416,,,,0.002109658475812498,,-0.0008001855374401132,,,,,,,,,,,,,,,,,,,,,,,,,0.002803719368785066,,,,,,,,,,,-0.0031799708631524044,,,,,,,,,,,,,0.03516960282893194,,0.0024541859489341364,,,,,,,,,,,,,,-0.004027071763413387,,,,,,,,,,,,,,,,,,,,,,,,-0.004248698795333822,,,,,,,,0.001717658108083864,,,,,,,,,,,,,,,,,,,,,,,-0.00026892522862026014,,,,0.002312246404868995,,,,,,,,,,,,,0.002035850439735535,,
2022-02-10,-0.0007865131054157459,,,,,,,-0.0028347033944065374,,-0.0018184676177269016,,,,,,,,0.0005730502283736267,,,,,,0.0008409109017914842,,,,,,,,-0.0010476332133051462,,,,,,,,-0.008062000344324693,,,,,,,,,,,,,,,,,,-0.00013375487662062356,,,,,-0.0016366837617661288,,,,,,,,,,,,,,,-0.0012571036388956424,,,,0.0057424056616651314,,,,,,,,,-0.001449787873860452,,,,,,,,,0.004264759925053023,,,,,,,-0.0034477633625927865,,,,,,,,,,,,,,,,-0.0018380107373307951,,,,,,,,,,,,,,,,,,,,,,,,,,,,0.006968281833084118,,,,,,,,,,,,,,,,,,,,,,,,,,,,,,,,,,0.006184501383144403,,,,,,,,,,,,,,,,,,
2022-02-11,-0.0005172761836156831,,,,0.008439362060660021,,,0.0009650774578571893,,-9.553775585872471e-05,,,,,,,,-0.000998459423222635,,0.008439362060660021,,,,-0.0030480107325915173,,,,,,,,,,,,,,,,-0.0006526904861461299,,,-0.0012187956142753634,-0.0013531794675678004,,,,,,,0.0006231151052440779,,,0.0006231151052440779,,,,-0.03173558625792602,,,,,,,,,,,,,,,,,,,,,,,,,,,,,,,,,,,,,,,,,,3.040045132764608e-05,,,,,,,,,,,,,,,-9.553775585872471e-05,,,,,,,,-0.00029343722720413866,,0.0005172761836156831,,,,-9.553775585872471e-05,,,,,,,,,,,,,,,,,,,,,,,,,,,,,,,,,,,,,,0.00018453133331759102,,,,0.0006231151052440779,,,,,,,,,,,,,,,,,,,,,,,,,,,,,,,,0.008439362060660021
2022-02-12,-0.0005172761836156831,,,,0.008439362060660021,,,0.0009650774578571893,,-9.553775585872471e-05,,,,,,,,-0.000998459423222635,,0.008439362060660021,,,,-0.0030480107325915173,,,,,,,,,,,,,,,,-0.0006526904861461299,,,-0.0012187956142753634,-0.0013531794675678004,,,,,,,0.0006231151052440779,,,0.0006231151052440779,,,,-0.03173558625792602,,,,,,,,,,,,,,,,,,,,,,,,,,,,,,,,,,,,,,,,,,3.040045132764608e-05,,,,,,,,,,,,,,,-9.553775585872471e-05,,,,,,,,-0.00029343722720413866,,0.0005172761836156831,,,,-9.553775585872471e-05,,,,,,,,,,,,,,,,,,,,,,,,,,,,,,,,,,,,,,0.00018453133331759102,,,,0.0006231151052440779,,,,,,,,,,,,,,,,,,,,,,,,,,,,,,,,0.008439362060660021
2022-02-13,0.0006019088442709867,,,,,,,,,-0.00455766523053539,,,,,,,,0.002796683346016101,,-0.0007144125006398192,,,,-0.0006680780508426478,,,,,,,,,,,,,,,,,,,,,,,,,,,,,,,,,,,,,,,,,,,,,,,,,,,,,,-0.0005184731290906694,,,,,,,,,,,,,,,,,,,,,,-0.0034596121710735793,,,,,,,,,,,,,,,,,,,,,,,,,,,,,-0.00455766523053539,,,,,,,,,,,,,,,,,,,,,,,,,,,,,,,,-0.016659716953464077,,,,,,,,,,,,,,,,,,,,,,,,0.004262096603415111,,,,,,,,,,,,,,,,,,
2022-02-14,-0.0019240793059473078,,,,,,,0.00010166537888898824,,-0.003106911598021141,0.009969983305608538,,,,,,,-0.0027606410217049767,,-0.002494736009666593,,,,0.0011901502842961952,,,,,-0.0033029114806102594,,,0.002089801700221599,,,-0.011140086375177025,,,,,0.003831214534549249,,,,-0.0016784706157703146,,,,,,,,,,,,,,-0.001528090876179331,,,,,,,,,,,,,,,,,,,,,,,,,0.003763638422926832,,,,,,,,,,,,,,,,,,,,,,,,0.0012015522676307973,,,,0.0030182567189992815,,,,-0.011977163760193107,,,0.008425560198817347,,,,,,,,,,,0.0018411994130810227,,-0.0113987827252983,,,,,,,,-0.0033029114806102594,,,,,,,,,,0.003831214534549249,,,,0.001511799403608025,,,,,,,,0.0014382162998804987,,,,,,,,,,-0.002494736009666593,,,,,,0.0006559633639183229,,,,0.0020211313199713717,,,,0.0030182567189992815,,,0.00311511314993917,,,,,,,,,,0.0030182567189992815,,,,,
2022-02-15,-0.0008792867999724521,,,,,,,0.0008764132885556136,,,-0.0006863322066422926,,,,,,,0.00031833786314001977,,,,,,,,,,,,,,,,,,,,,,,,,-0.004655666429672745,-0.002984587077989744,,,,,,,,-0.0006863322066422926,0.0008792867999724521,,,,,,,,,,,,0.006804115535391821,,,,,,,,,,,,,,,,,,,,,,,,-0.0001884448596542607,,,,,,,,,,,-0.0017065313321980237,,,,,,,0.002428509879182964,,,,,,-0.0006863322066422926,,-0.00202561501434622,,,,,,,,,,,,,,-0.003922208029413342,,,,,,0.001285493640495646,,,,,,,,,,,,,,,,,,,,,,,,,,,,,,,,,,,,,0.019413250288064378,,0.00705873806470014,,,-0.00202561501434622,,,,,,,,,,,,,,,,,,,,,,,,-0.009236283591753013,,
2022-02-16,-0.0005856253498999871,,,,,0.0013952108421279663,,-0.0002642715640453603,,-0.0010271495655505003,,,,,,,,-0.0003250133581313765,,,,-0.0019205326382995976,,0.004277779238874073,0.006849817660603926,-0.001302541332274182,,,,,,-0.003947877234196476,,,,,,,,-0.009669265663397186,,,,-0.003988325850467111,,,,,,,,,-0.001302541332274182,,,,,0.0014364169263827462,,,,,,,,,,,,,,,,,,0.003361976391725716,,,,,,,,0.00537577133530144,,,,,0.0005034207736504484,,,,,,,,0.0021627686876960484,,,0.0031328606443922283,,,,,-0.0019205326382995976,,0.006032841822282609,,,,,,,,,,,0.0038644544548048637,,,,,,,,,,,-0.0003698593209604629,-0.0007050915894222766,,,,,,,,,,,,,,,,,,,0.002509590256780081,,,,0.003361976391725716,,,,,0.00018627872882294433,,,0.0036455384483679906,,,,,,,,,,,,,,,,,,,,,,-3.9355711279977115e-05,,,,,,,,,,,,,,,,,,,,
2022-02-17,-0.0005856253498999871,,,,,0.0013952108421279663,,-0.0002642715640453603,,-0.0010271495655505003,,,,,,,,-0.0003250133581313765,,,,-0.0019205326382995976,,0.004277779238874073,0.006849817660603926,-0.001302541332274182,,,,,,-0.003947877234196476,,,,,,,,-0.009669265663397186,,,,-0.003988325850467111,,,,,,,,,-0.001302541332274182,,,,,0.0014364169263827462,,,,,,,,,,,,,,,,,,0.003361976391725716,,,,,,,,0.00537577133530144,,,,,0.0005034207736504484,,,,,,,,0.0021627686876960484,,,0.0031328606443922283,,,,,-0.0019205326382995976,,0.006032841822282609,,,,,,,,,,,0.0038644544548048637,,,,,,,,,,,-0.0003698593209604629,-0.0007050915894222766,,,,,,,,,,,,,,,,,,,0.002509590256780081,,,,0.003361976391725716,,,,,0.00018627872882294433,,,0.0036455384483679906,,,,,,,,,,,,,,,,,,,,,,-3.9355711279977115e-05,,,,,,,,,,,,,,,,,,,,
2022-02-18,-0.00026543030909622294,,,,,,,0.0012700758793708095,,,,,,,,,,-0.00103116381523509,0.000533384585378518,,,,,0.0030127539639633245,0.00028473015216102474,,0.011741712971819557,,,,,0.011529968603832869,,,,,,,,,,,,0.011529968603832869,,,,,,,,,,,,,,-0.007008026900176118,-0.0006753317834597165,,,,0.0008155266676416943,,,,,0.008727815009104672,,,,,,,,,,,,,,,-0.0006753317834597165,,,,-0.0006753317834597165,,0.006982587608127287,,,,,,,,,,,-0.0022328521217325733,,,,,,,,,,,0.011741712971819557,,0.004869481874473765,,,,,,0.0008155266676416943,,,,,,,,,,0.00033675029584497593,0.006982587608127287,,,-0.04604381056885715,,,,,,,,,,,,,,,,0.00026543030909622294,,,,-0.0077563500399727685,,,,,,,,,-0.0006753317834597165,,,,,,,,,,,,,,,0.0008155266676416943,,,,,,,,,,,,,,,,,,,,,,,,,,
2022-02-19,-0.0026277277888501448,,,,,,,0.0032368868183430227,,0.00033153897373243424,,,,,,,,0.0012668697470675672,,,,,,,,,,,,,,,,,,,,,,,,,,,,,,,,,,,,,,,,,,,,,-0.001333452642918515,,,,,,,,,,,,,,,0.0027636754870516934,,,,,,,,,,,-0.008222966655594308,,,,,,,,,,,,,,,,,,,,,,,,,,,,,,,,,,,,,,,,-0.008222966655594308,-0.008222966655594308,,,,,,,,,,,,,,,,,,,,,,,,,,,,,,,-0.008222966655594308,,,,,,,,,,-0.0023889946191766164,,,,,,,,,,,,,,,,,,,,,,,,,,,,,,,,
2022-02-20,0.00040185366490288164,,,,,,,,,,,,,,,,,-0.0006718316277107774,,,,,,,,,,,,,,,,,,,,,,,,,,,,,,,,,,,,,,,,,,,,,,,,,,,,,,,,,,,,,,,,,,,,,,,,,,,,,,,,,,,,,,,,,,,,,,,,,,,,,,,,,,,,,,,0.002045241207901384,,,,,,,,,,,,,,,,,,,,,,,,,,,,,,,,,,,,,,,,,,,,,,,,,,,,,,,,,,,,,,,,,,,,,,,,,,
2022-02-21,0.00040185366490288164,,,,,,,,,,,,,,,,,-0.0006718316277107774,,,,,,,,,,,,,,,,,,,,,,,,,,,,,,,,,,,,,,,,,,,,,,,,,,,,,,,,,,,,,,,,,,,,,,,,,,,,,,,,,,,,,,,,,,,,,,,,,,,,,,,,,,,,,,,0.002045241207901384,,,,,,,,,,,,,,,,,,,,,,,,,,,,,,,,,,,,,,,,,,,,,,,,,,,,,,,,,,,,,,,,,,,,,,,,,,
2022-02-22,0.00040185366490288164,,,,,,,,,,,,,,,,,-0.0006718316277107774,,,,,,,,,,,,,,,,,,,,,,,,,,,,,,,,,,,,,,,,,,,,,,,,,,,,,,,,,,,,,,,,,,,,,,,,,,,,,,,,,,,,,,,,,,,,,,,,,,,,,,,,,,,,,,,0.002045241207901384,,,,,,,,,,,,,,,,,,,,,,,,,,,,,,,,,,,,,,,,,,,,,,,,,,,,,,,,,,,,,,,,,,,,,,,,,,
2022-02-23,0.00040185366490288164,,,,,,,,,,,,,,,,,-0.0006718316277107774,,,,,,,,,,,,,,,,,,,,,,,,,,,,,,,,,,,,,,,,,,,,,,,,,,,,,,,,,,,,,,,,,,,,,,,,,,,,,,,,,,,,,,,,,,,,,,,,,,,,,,,,,,,,,,,0.002045241207901384,,,,,,,,,,,,,,,,,,,,,,,,,,,,,,,,,,,,,,,,,,,,,,,,,,,,,,,,,,,,,,,,,,,,,,,,,,
2022-02-24,-0.003525130437655923,,,,,,0.0055685009773611665,0.0005655231471038144,,0.0002110981481332065,,,,,,-0.005276136944847163,,-0.001357095462109719,,,,,,-0.001259558557559381,,,,,,,,,,,0.002888793594422526,,,,,-0.0016387308997544672,,,,,,,,,,0.001718013586291285,,,,,,,,,,,,,,,,,,,,,,,,,,,,0.0021254393028330085,,,,,,,,,,,,,,,,,,,,,,,,,,,,,,,,,0.011292637844529047,,,,,,,-0.0013939506779916812,,,,,0.003437379865898269,,,,,-0.0018332338113378056,,,,,-0.004566672118956944,,,,,,,,,,,,,,,,,0.003984734320389524,,-0.0024744410215255543,,,,,,,,,,,,,,,,,,,,,,,,,0.0021923524284930738,,0.0015937800599391118,,,,,,-0.0013939506779916812,,,,,,,,-0.0018332338113378056,,,,,,,,,,
2022-02-25,-0.0010775376617943415,,,,,,-0.0032224279384808546,,,-0.003645523808526384,,,,,,,,0.0005102181805809624,,,,,,-0.0033035999379833923,,,,,,0.00020575026280288513,,-0.0024305449605675792,,,,-0.009328193754312746,,,,-0.004311310259244863,,,,-0.0062206669798638035,,,,,,-0.0024305449605675792,-0.0024305449605675792,,,,,,,-0.001375781133353537,,,,,-0.0062206669798638035,,,,,,,,,,,,,,,0.0029328252313676273,,,,,,,,,,,,,,,,,,,,,,-5.221435763739157e-05,,,,-0.014753262743474164,,,,,,,,,,,,,,-0.002442846831247241,,,,,,,,,,,,,0.001928734521961269,,,,,,0.0029328252313676273,,0.0051640407593636995,,,,,,,,,,0.0051640407593636995,,0.001928734521961269,,-0.0010192012103465184,,,,,,,,0.0008896164717307775,,,,,,,,,,,,,,,,-7.687109590496003e-05,,,,,,,,,,,,,,,,,,,,,,,,,,
2022-02-26,-0.0010775376617943415,,,,,,-0.0032224279384808546,,,-0.003645523808526384,,,,,,,,0.0005102181805809624,,,,,,-0.0033035999379833923,,,,,,0.00020575026280288513,,-0.0024305449605675792,,,,-0.009328193754312746,,,,-0.004311310259244863,,,,-0.0062206669798638035,,,,,,-0.0024305449605675792,-0.0024305449605675792,,,,,,,-0.001375781133353537,,,,,-0.0062206669798638035,,,,,,,,,,,,,,,0.0029328252313676273,,,,,,,,,,,,,,,,,,,,,,-5.221435763739157e-05,,,,-0.014753262743474164,,,,,,,,,,,,,,-0.002442846831247241,,,,,,,,,,,,,0.001928734521961269,,,,,,0.0029328252313676273,,0.0051640407593636995,,,,,,,,,,0.0051640407593636995,,0.001928734521961269,,-0.0010192012103465184,,,,,,,,0.0008896164717307775,,,,,,,,,,,,,,,,-7.687109590496003e-05,,,,,,,,,,,,,,,,,,,,,,,,,,
2022-02-27,-0.0010775376617943415,,,,,,-0.0032224279384808546,,,-0.003645523808526384,,,,,,,,0.0005102181805809624,,,,,,-0.0033035999379833923,,,,,,0.00020575026280288513,,-0.0024305449605675792,,,,-0.009328193754312746,,,,-0.004311310259244863,,,,-0.0062206669798638035,,,,,,-0.0024305449605675792,-0.0024305449605675792,,,,,,,-0.001375781133353537,,,,,-0.0062206669798638035,,,,,,,,,,,,,,,0.0029328252313676273,,,,,,,,,,,,,,,,,,,,,,-5.221435763739157e-05,,,,-0.014753262743474164,,,,,,,,,,,,,,-0.002442846831247241,,,,,,,,,,,,,0.001928734521961269,,,,,,0.0029328252313676273,,0.0051640407593636995,,,,,,,,,,0.0051640407593636995,,0.001928734521961269,,-0.0010192012103465184,,,,,,,,0.0008896164717307775,,,,,,,,,,,,,,,,-7.687109590496003e-05,,,,,,,,,,,,,,,,,,,,,,,,,,
2022-02-28,-0.0021914967825115007,,,,,,,0.004134733831398893,,8.083795543475545e-05,,,,,-0.005829438825803985,-0.0005750219951740688,,9.920108979255592e-05,,0.002468249550039176,,,,,,,,,,,,-0.0037319567454201573,,,0.0017061352852683544,,,-0.006337581388734437,,-0.0020700808956093356,,,,0.002468249550039176,,,,,,-0.002776401134283311,-0.001978678445043728,0.0021914967825115007,,,,,,,,,,,0.0025476601902829866,,,,,,,,,,,,,,,0.0019706763081192807,,-0.003158275956033182,,,-0.003250045506045723,,,,,,,,,,,,,,,,,0.000810100901839971,,,,,,,-0.002776401134283311,,,,,0.0005069741762181183,-0.001978678445043728,,,,,,,,,,,,,0.0025476601902829866,,,0.0003904305513026294,,,,,,,,,,,,,,,,,,,,-0.0037062581694060266,,,,,,,,,,,,-0.001978678445043728,,,,,,,,,,,,,-0.002776401134283311,,,-0.006686575944571315,,,,,,,,,,,,,,,,,,,,,,,,,,
2022-03-01,-0.0006311449751709668,,,,,,,0.007588112282827624,,,,,,,,,,-0.00147980821004506,,,,,-0.0012480950601587472,0.007006968779106544,-0.0014780599737443736,,0.0010914389905304677,,,-0.004749360836718567,,,,,,,,,,0.0006163946784665292,,,0.0024358030141284795,,,,,,,,3.24635942118421e-05,,,,,,,0.007423963995064217,,,,,,,,,,,,,,,,,,,,0.0010914389905304677,,,,,,,,,,,,0.005426349770375767,,,,,,,,,,0.0002675810111919123,,,,,,,-0.007117455971880251,,,,0.00016662385479637162,,,,,,,,,,,,0.0002675810111919123,,,,,-3.801658069465424e-05,0.012643156987182966,0.0032282276630111323,0.007682585231843401,,,,,,,,,,,,,,,,,,0.0010734008584624825,,,,-0.001076421985847717,,,,,,,,,,,,,,,,,,,,,,,,0.00022916761838030048,,,,,,,,0.0007443892376676487,,0.026560272027893496,,,,,,0.0005507176292942919,,,-0.0012480950601587472,,,,,,,
2022-03-02,-0.0006311449751709668,,,,,,,0.007588112282827624,,,,,,,,,,-0.00147980821004506,,,,,-0.0012480950601587472,0.007006968779106544,-0.0014780599737443736,,0.0010914389905304677,,,-0.004749360836718567,,,,,,,,,,0.0006163946784665292,,,0.0024358030141284795,,,,,,,,3.24635942118421e-05,,,,,,,0.007423963995064217,,,,,,,,,,,,,,,,,,,,0.0010914389905304677,,,,,,,,,,,,0.005426349770375767,,,,,,,,,,0.0002675810111919123,,,,,,,-0.007117455971880251,,,,0.00016662385479637162,,,,,,,,,,,,0.0002675810111919123,,,,,-3.801658069465424e-05,0.012643156987182966,0.0032282276630111323,0.007682585231843401,,,,,,,,,,,,,,,,,,0.0010734008584624825,,,,-0.001076421985847717,,,,,,,,,,,,,,,,,,,,,,,,0.00022916761838030048,,,,,,,,0.0007443892376676487,,0.026560272027893496,,,,,,0.0005507176292942919,,,-0.0012480950601587472,,,,,,,
2022-03-03,-0.0006045589761442172,,,,,,,-0.0011338099774554574,,-0.0012518651796469015,,,,,,,,-0.0009016240136026086,-0.0013420429521040361,,,0.0017174507140359566,,0.001777794243768175,,0.006610564982150217,,,,,,,,,0.006388248970360534,,,,,,,-0.0025733532626313962,,,,,,,,,,,,,,,,,,,,0.0007838562024010424,0.0006045589761442172,,,,,,,,,,,,,,,,,,,,0.005930588041045701,,,,,,,,,,,,,,,,,-0.001234517951777237,,,,,,,,,,,,,,,,,,,,,,,-0.001311822894883279,,,,,,0.0043818592124140986,,,,,,,,,,,,,,,,,,,,,,,,,,,,,,,,,,,,,,,,,,,,,,,0.009756201696012424,,,,,,,,,-0.0020180718646714115,,,,,,,,,,,,,,,,,,
2022-03-04,-0.0006045589761442172,,,,,,,-0.0011338099774554574,,-0.0012518651796469015,,,,,,,,-0.0009016240136026086,-0.0013420429521040361,,,0.0017174507140359566,,0.001777794243768175,,0.006610564982150217,,,,,,,,,0.006388248970360534,,,,,,,-0.0025733532626313962,,,,,,,,,,,,,,,,,,,,0.0007838562024010424,0.0006045589761442172,,,,,,,,,,,,,,,,,,,,0.005930588041045701,,,,,,,,,,,,,,,,,-0.001234517951777237,,,,,,,,,,,,,,,,,,,,,,,-0.001311822894883279,,,,,,0.0043818592124140986,,,,,,,,,,,,,,,,,,,,,,,,,,,,,,,,,,,,,,,,,,,,,,,0.009756201696012424,,,,,,,,,-0.0020180718646714115,,,,,,,,,,,,,,,,,,
2022-03-05,-0.0017474002342464333,,,,,,,,,,,,,,,,,0.000355096637623806,,,,,,,,,,,,,,-0.00027547170447403424,,,,,,,,-0.00027547170447403424,,,,,,,,,,0.0027176564478642523,,,,,,,,,,,,,,,,,,,,,,,,,,,,,,-0.006370141774033449,,,,,,,,,,,0.009305979221396853,,,,,,,,,0.001878945602928638,,,,,,,,,,,-0.0002648563100906881,,,,,,,,,,,,,,,,,,0.0019855957129389546,-0.01207466799580838,,,,,,,,,,,,,,,,,,,,,,,,,,,,,,,,,,,,,,,,,,,,,,,,,,,,,,,-0.0002648563100906881,,,,,,,,,,,,,,,,,,
2022-03-06,-0.002332448353635544,,,,,,,0.008834286085583213,,,,,,,,,,0.0005352199756704021,,0.0030651470477832967,,,,0.0002370475395919746,0.0030651470477832967,,,,,,,,,,,,,,,-0.005221192705507421,,,,0.0030651470477832967,,,,,,,,,,,,,,,,,,,,,,,0.0006367941516433209,,,,,,,,,,,,,,,,0.002275091957182733,,,,,,,,,,,,,,,,,,,,,,,,-0.0015094793720200825,,,,-0.0025983986871789323,,,,,,,-0.0002832258656267229,,,,,,,,,,,0.0030651470477832967,-0.0018267533401785632,,,,,,,,,-0.0018876702058719112,,,,,,,,,,,,,,6.384581280069641e-05,,,,,,,,-0.0015111722220581317,,,,,,,,,,,,,-0.0015094793720200825,,,0.0028606694458559044,,,,,,,,-0.0025983986871789323,,,,,,,,,,,,,,,,,,-0.0034709935338223326
2022-03-07,-0.0023557024235799345,,,,,,,,,,,,,,,,,0.0021486971190064945,,,-0.0019379711060945014,,,0.0007321938191843726,0.0023557024235799345,,,,,,,,,,,,,,,0.0008510995662265992,,,0.0019302009275166741,,,,,,,,,,,,,,1.4837356894545784e-05,-0.0019379711060945014,,,,,,,,,5.692734230181278e-05,,,,,,,,,,,,,,,,,,,,,,,,-0.0019379711060945014,,,,,,,,,-0.0010809443774916854,,,,,,,,,,,-0.0022850384388627062,,,,,,,-0.0022850384388627062,,,,,,,,,,,0.001632722821055615,0.0013462471929194136,,,,,,,,1.4837356894545784e-05,,,,,,,,,,,,,,,,,,,,,,,-0.0019416127205063765,,,,,,,,,,,,,,,,,,,,0.0013462471929194136,,,,-0.0021912992708605786,,,,,,,,,,,,,,,,,,
2022-03-08,-0.002356287689950623,,,,,,,0.0040315452869820675,,0.0040315452869820675,,,,,,,,-0.00036407263527136113,,,0.0022171625975715616,,,0.0012330232497633315,-0.0001078551810530337,,,,,,,,,,,,,,,0.0017352738231816382,,,,,,,,,,,,,,,,,,-0.00264953215959356,-0.0001078551810530337,,,,,,,,,,,,,,,,,,,,,,,,,,,,,,,,0.0004732919307385468,,,,,,0.000761478565819795,,,,,,,,,,,,,,-0.002012339427652822,,,,,,,-0.0031003116983203474,,,,,,,,,,,0.0018033631337416962,,,,,,,,,,0.000761478565819795,,,,,,,,,,,,,,,,,0.0026072816259371297,,,,,,,,,,,,,,,-0.0001078551810530337,-0.0001078551810530337,,,,,,,,,,,,,-0.002012339427652822,,,,,,,,,,,,,0.002496830889416559,,,,,
2022-03-09,-0.0014509522460673535,,,,,,,0.00725911686604744,,,,,,,,,,-0.0015234223150663872,,,,,,0.0006515506771395324,,-0.00096217516706006,,,,,,,,,,,,,,0.00135306048665942,,,,,,,,,,,,-0.002390383514421098,,,,,,-0.0026642006103124545,,,,,,,,,,,,,,,,,,,,0.002121224980042808,,,,,,,,,,,,,,,,,,,,,,-0.017436317733966096,,,,,,,0.002727486001374356,,,,-0.0005982280818015017,,,,,,,-0.0005982280818015017,,,,,0.003498269850541978,,,,,,0.0033923599557415638,,0.0061786375713321065,,,,,,,,,,,,,,,,,,-0.002889325531710428,,,,-0.007254324395188197,,,,,,,,0.00610673472790981,,,,,,,,,,,-0.010131289685304665,,,,,0.0023041363290651007,,,,-0.0020949888621806948,,,,-0.0005982280818015017,,,,,,,,0.002121224980042808,,,,,,,,,,-0.00096217516706006
2022-03-10,-0.0011694518985601945,,,,0.00451466072322107,,,0.002551618694332126,,-0.001947269310727631,,,-0.004007603392390306,,,,,-0.00013210574684110175,,0.00451466072322107,,,,0.001539120781701338,,,,,-0.0010720997442424409,,,,,-0.0037933272577673535,,,,,,-0.00018217480962921806,,,0.0009950350177968072,,,,,,,,,,-0.002085120776047631,,-0.023876726993772527,,,,,,,0.0040181795081804745,,,,,,,,,,,,,,,,-0.002053957214733679,,,,,,,,,,,,,,,,,,,,,,-0.004548100988804006,,,,,,,,,,,,,,,,,,,,,,,-0.0014215530144261444,,,,,,0.0023708333786880333,,0.00012715188987436,,,,,,,,0.0030708737395590767,,,,-0.0019317354131534235,,,,,,-0.00019973191828243238,,,,,,,,,,,,,,,,,,,,-0.001947269310727631,,,-0.0008749107713774522,,,,,-0.0012293717183380767,,,,,,,,,,,-0.0010720997442424409,,,,,,,,,,,,,,,0.0009030296031360769
2022-03-11,-0.001391561604969322,,,,,,,0.0009062232769445557,,0.0021984201963996036,,,,,,,,-0.0002794086712029117,,0.0021984201963996036,,,-0.0025547683082114184,,,,,,,,,,,,,,,,,-0.00357372227370694,,,,,,,,,,,,,-0.0019322296775570948,,,,,,,,,,,,,,0.0008923868725317875,,,0.00010337434655876437,,,,,,,,,,,,,,-0.002023495069448485,,,,,,,0.00013112740182678342,,,,,,,,,-0.00040427718001746467,,,,,,,0.00010337434655876437,,,,-0.00033670828165617605,,,,,,,,,,,,,,,,,,,-0.003795698484251542,,,,,,,,,-0.0008872090845656318,,,,0.00021330977720616928,,,,,,,,,,-0.0007834992792259974,,,,,,,,0.0017575647333810617,,,,,,,,,,,,,,,,-0.001025384602871873,,,,,,,,-0.00033670828165617605,,,,,,,,,,,,,,,,,,
2022-03-12,-0.0006568941257881642,,,,,,,,,,,,,,,,,6.75287561980861e-05,,,,,,,,,,,,,,,,,,,,,,0.004384660661095433,,,0.004384660661095433,,,,,,,,,,,,,,,,,,,0.005587310382668045,,,,,,,,,,,,,,,,-0.0011850672342183554,,-0.002735075047995974,,,,,,,,,,,,,,,,,,,,,,,,,,,,,,,,,,,,,,,,,,,,,,,,,,,-0.004231442303491579,,,,,,,,,,,,,,,,,,,,,,,,,,,,,,,,,,,,,,,,,,,,,,,,,,,,,,,,,,,,,,,,,,,,,,,,
2022-03-13,-0.002173926672313157,,,,,,,-0.0009663873558034761,,,,,,,,,,0.00034412023637842427,,,,,,-0.004209731163626843,,,,,,,,,,,,,,,,-0.03627775238433901,,,,,,,,,,,,,,,,,,0.0020738962880839473,,,,,,,,,,,,,,,,,,-0.00139474043052394,,,,,,,,,,,,,,,,,,,,,,,,,,,,,,0.00871709273191942,,,,,-0.0009424222367832003,,,,,,,,,,,,,,,,,,,-0.00139474043052394,,,,,,,,,,,,,,,,,,,,,,,,,,,,,,,,,,,,,,,,,,,,,,,,,,0.00871709273191942,,,,,-0.0009424222367832003,,,,,,,,,,,,,,,,,,
2022-03-14,-0.0014075025942875707,,,,,,,0.006966805364311867,,-0.002377980015579318,,,,,,,,0.0003682259283698619,,,,,,0.0032985730690595636,-0.002018121169218903,-0.006831765758682691,,,,0.0014152710085367011,,-0.005860498945951179,,,,-0.030528625150223424,,,,0.0016110763031208684,,,,,,,,,,,0.005314363041232409,,,,,,,-0.0004166028285824126,,,,-0.006831765758682691,,-0.03261662360428948,,,,,,,,,,,,,,0.002773736132393288,,,,,,,,,,,,,,,,,,,,,,-0.002765584310511961,,,,,,,0.004148370024011724,,,,0.004458795511548135,,,,,,,-0.006831765758682691,,,,,,,,,,,,,,,,,,,,,-0.010662656795343525,,,,,,,,,,,,,,-0.010602247266455414,,,,,,,,-0.0027942121379392264,,,,,,0.002370689587410417,,,0.004729680404238019,,,,,,,-0.000644307879663286,,,0.005297423032448208,,,,,0.0034689877775973374,,,,,,,,,,,,,,,,,,
2022-03-15,-0.0014075025942875707,,,,,,,0.006966805364311867,,-0.002377980015579318,,,,,,,,0.0003682259283698619,,,,,,0.0032985730690595636,-0.002018121169218903,-0.006831765758682691,,,,0.0014152710085367011,,-0.005860498945951179,,,,-0.030528625150223424,,,,0.0016110763031208684,,,,,,,,,,,0.005314363041232409,,,,,,,-0.0004166028285824126,,,,-0.006831765758682691,,-0.03261662360428948,,,,,,,,,,,,,,0.002773736132393288,,,,,,,,,,,,,,,,,,,,,,-0.002765584310511961,,,,,,,0.004148370024011724,,,,0.004458795511548135,,,,,,,-0.006831765758682691,,,,,,,,,,,,,,,,,,,,,-0.010662656795343525,,,,,,,,,,,,,,-0.010602247266455414,,,,,,,,-0.0027942121379392264,,,,,,0.002370689587410417,,,0.004729680404238019,,,,,,,-0.000644307879663286,,,0.005297423032448208,,,,,0.0034689877775973374,,,,,,,,,,,,,,,,,,
2022-03-16,-0.00084380812789115,,,,,,,0.0029051758547194435,,,,,,,,,,-6.686296155709241e-05,,,,,,0.0067316876525632865,,,,,,-0.026903809196273405,,,,,,,,,,0.0025709075135586378,,,,,,,,,,,,,,,,,,-9.877158158586442e-05,,,,,0.0002399737797806478,,,-0.002609404821126145,,,,,,,,,,,,,,,-0.002609404821126145,,,,,,,,,,,,,,,,,,,-0.005700266212793342,,,,,,,,,,,,,,,,,,-0.003997555542476668,,,,,,,,,,,-0.0018710932872512093,,,,,,,,,,,,,,,,,,,,,,,,-0.0026796040186086137,,,,,,,,,,,,,,,,,,,,,,,,,,,,,,,,,,,0.0005719202472028023,,,,,,,,,,,,,,,
2022-03-17,-0.00039254347792103556,,,,,,,-0.000276644781941932,,,,,,,,,,0.0010392623621083472,,,,,,-0.00011352337386360954,,,,,,,,-0.0023347540429655197,,,,,,,,,,,,,,,,,,,,,,,,,,,,,,,,,,,,,,,,,,,,,,,,,,,,,,,,,-0.0015418292087366313,,,,,,,,,,,-0.0014351280717775662,,,,,,,0.035628625225630685,,,,-0.0019036499279767175,,,,,,,,,,,,,,,-0.0015418292087366313,,,-0.006385968638669356,,,,,,,,,,,,,,,,,,,,0.0020691580577614226,,,,,,,,,,,,-0.0015088658764041126,,,,,,,,,,,,,,,,0.0026828340788001286,,,,,,,,-0.0019036499279767175,,,,,,,,,,,,,,,,,,
2022-03-18,-0.0008271276768149942,,,,,,,-0.005236761090492167,,-0.0013497430714843337,,,,,,,-0.0028636446542029998,-0.0003487591899851486,,,,,,0.0014659777963376786,,,,,,,,0.001636293911926337,,-0.011265086897898544,0.0030200808990734694,,,,,0.0008271276768149942,,,,,,,,,,,,,,,-0.00044795226285057653,,,0.001636293911926337,,,,,,,,,,,,,,,,,,,,,,,,,,,,,,,,,,,,,,,,,,-0.002808082973544392,,,,,,,-0.003331487379861709,,,,,,,,,,,,,,,,,,,,,,0.001826241042967602,,0.001636293911926337,,,,,,,,,,,,,,,,,,-0.01784188176750742,,,,,,,,,,,,-0.011265086897898544,,,,,,,,,,,,,,,,,,,,,,,,,,,,,,,,,,0.005976468462168682,,,,,,,,
2022-03-19,-0.001696241649160358,,,,,,,,,,,,,,,,-0.001993659092509691,0.0018641631555949467,,,,,,,,,,,,,,,,,-0.003043618998936588,,,,,,,,,,,,,,,,,,,,,,,,,,,,,,,,,,,,,,,,,,,,,,,,,,,,,,,,,,,,,,-0.002998779651409961,,,0.0019385786502642028,,,,,,,,,,,,,,,,,,,,,,,,,,,,,,-0.002998779651409961,,,,,,,,,,,,,,,,,,,,,,,,,,,,,,,,,,,,,,,,,,,,,,,,,,,-0.002998779651409961,,,,,,,,,,,,,,,,,,,,,,
2022-03-20,-0.000573713440860116,,,,,,,-0.004056612881387446,,,,,,-0.0007249878578411827,,,,0.001200916276535958,,0.013445870208585842,,,,0.0016978548055006967,,,,,,,,,,,0.0034487637542406,,,,,0.0008376648331982864,,0.001060802535544147,,,,,,,,,,,,,,,,-0.00679198319334348,,,,,,,,,,,,,,,,,,,,,,,,,,,,,,,,,,,,,,,-0.011229874849980307,,,,,,,,,,,,,,,,,,,,,,,,,,,,,,,,-0.00011450596348598933,,,,,,,,,,,,,,,,,,,,,,,,,,,,,,,,,,,,,,,,,,,,,,,,0.001060802535544147,,,,-0.011229874849980307,,,,,,,,,,,,,,,,,,,,,,
2022-03-21,-0.0012734065187292348,,,,,,,-0.0007902434180201263,,,,,,,,,,0.0011527130963675703,,,,0.00048107627548385013,,,,,,,,,,0.004305965171170438,,,-0.0015866973871632513,-0.004825146091451293,,,,0.00032139012834995074,,-0.004197277453534402,,,,,,,,-0.0027353965172294526,,,,,,,0.03331784146852625,-0.0030350804157587646,,,,,,,,-0.03990003661045247,,,,,,,,,,,,,,,,,0.0007439997445676172,,,,,,,,,,,,,,,,,,,,,,,,1.0780256102973628e-05,,,,,,,,,,,-0.0037035749420148176,,,,,,,,0.0004920226630437026,,,,-0.0024052767890518807,-0.0004849948749175142,,,,0.00048107627548385013,,,,-0.0009614514346999287,,,,,,,,,,0.002340890265992486,,,,-0.02432036907504637,,,,0.0023750054108354914,,,,-0.0014299378782956437,,0.004298896269882705,,,,,,,,,,,1.0780256102973628e-05,,,0.002650412159847111,,,,,,,,,,,,,,,,,,,,,,,,,,
2022-03-22,-0.00034122516153156125,,,,,,,-0.006872753700968805,,,,,,,,,,0.0004518055021464018,,,,,0.0013587261790325815,0.0015907288368597907,,,0.0043208494849954334,,,-0.019484310127921227,,-2.1364106898632694e-06,,,,,,,,0.0011538368956450014,,,,,,,,,,0.00034122516153156125,,,,,,,,-0.0007686006789040455,,,,0.002698037830002559,,,,,,,,,,,,,,,,0.0012298033160829714,,,,-0.011926044889420218,,,,,,,,,,,,,,,,,,-0.001638432220368169,,,,0.0007093052557600654,,,0.0016348424538114505,,,,,,-0.0016539863308866372,,,,,0.0010497038806020374,,,,,,,,,,,-0.0009683267098180644,,,,,,,,,,,0.0017925294375205115,,,,,,,,0.0031367076618111184,0.0024180860364163693,,,,-0.0027884070528532505,0.0062608977778981665,,,,,,,,,,,,,,,,,,,,,,,0.0011661710455096042,,,,,,,,0.005519562988244319,,,,,,,,,,,,,,,,,,
2022-03-23,-0.001055385710623542,,,,,,,0.001607277334404207,,,,,,,,0.001916158569881441,,-0.000836370288701012,,,,,,,,,,,,,,,,-0.005770934151629369,-0.0017640135754317977,,,,,,,,,,,,,,,-0.0015559133100329888,,,,,,,0.001916158569881441,0.00204818789478835,,,,,,,,,,,,,,,,,,,,0.0010187520664358572,,,,,,,,,,,,,,,,,,,,,,-0.0017323766735451115,,,,,,,,,,,,,,,,,,,,,,,,,,,,,0.008381393036630855,,,,,,,,,,,,,,,,,,,,0.0043758235882341255,,,,0.002738157909544043,,,,,,,,-0.015544674776260623,,,,,,,,,,,,,,,,0.002664615356296301,,,,,,,,,,,,,,,,,,,,,,,,,,0.0020016161650507173
2022-03-24,-0.001055385710623542,,,,,,,0.001607277334404207,,,,,,,,0.001916158569881441,,-0.000836370288701012,,,,,,,,,,,,,,,,-0.005770934151629369,-0.0017640135754317977,,,,,,,,,,,,,,,-0.0015559133100329888,,,,,,,0.001916158569881441,0.00204818789478835,,,,,,,,,,,,,,,,,,,,0.0010187520664358572,,,,,,,,,,,,,,,,,,,,,,-0.0017323766735451115,,,,,,,,,,,,,,,,,,,,,,,,,,,,,0.008381393036630855,,,,,,,,,,,,,,,,,,,,0.0043758235882341255,,,,0.002738157909544043,,,,,,,,-0.015544674776260623,,,,,,,,,,,,,,,,0.002664615356296301,,,,,,,,,,,,,,,,,,,,,,,,,,0.0020016161650507173
2022-03-25,-0.0006169877285821675,,,,,,,-0.0005578011762182977,,,,,,,,,,0.0009815913083067265,,,,,,-5.581479602586659e-05,,,,,,,,,,,,,,,0.0013341971691075748,-0.00019445424957157222,,,,,,,,,,0.0011424102996849769,,,,,,,0.007725066059605375,,,,,,,,,,,,,,,,,,,,,0.0014258188705223275,,,,,,,,,,,,,,,,,,,,,,,,,,,,,0.00591191518807597,,,,-0.00041032754637931076,,,,,,,-0.00041032754637931076,,,,,,,,,,,-0.003388459679893346,-0.005914115381552015,,,,,,0.001623489731521154,,,,,,,,,,,,,0.0013341971691075748,,,,,,,,,,,,0.008123287360256172,,,,,,,,,,,,,,,,0.00036266773671258807,,,,,,,,-0.00041032754637931076,,,,,,,,,,,,,,,,,,
2022-03-26,-0.00010766212055721784,,,,,,,,,,,,,,,,,-0.00039109282228795626,,,,,,0.0035040932673610792,,,,,,,0.0013020960584068408,,,,,,,,,0.000284923712579028,,,,,,,,,,,,,,,,,,,,,,,,,,,,,,,,,,,,,,0.0013020960584068408,,,,,-0.00023420960242692503,,,,,,,,,,,,,0.000284923712579028,,,,,,,,,,,,,,,-0.0023217910351106315,,,,,,,-0.0023217910351106315,,,,,,,,,,,0.00241067753540706,,,,,,,,,,,,,,,,,,,,0.0008912015247538546,,,,,,,,,,,,-0.004210437915426954,,,,,,,,,,,,,,,,0.0009950541081852704,,,,,,,,-0.0023217910351106315,,,,,,,,,,,,,,,,,,-0.00023420960242692503
2022-03-27,-0.00023418567569537282,,,,,,,0.0004278498824714605,,,,,,,,0.00018043622847484404,,-0.0024463655781032157,,,,,,,,,,,,,,,,,,,,,,,,,,,,,,,,,,,,,,,,,,,,,,,,,,,,,,,,,,,,,,,,,,,,,,,,,,0.00266662468228728,,,,,,,,,,,,,,,,,,-0.00322960258292838,0.0020312128398344495,,,,,,,,,,,,,,,,,,,-0.00040829142229064405,,,,,,,,,,,,,,,,,,,,,,,,,,,,,,,,,9.241976468695457e-05,,,,,,,,,,,,,,0.00266662468228728,,,,,,,,0.0020312128398344495,,,,,,,,,,,,,,,,,,
2022-03-28,-0.0002861591596457379,,0.0016203997765985951,,,,,-0.003908119843793576,,,,,,,,0.0043955608479232956,,0.0008400263549935302,-0.0014922512570519535,,,,,,,-0.003908119843793576,,,,,,,,,,,,,,0.0017789524308374767,,,,,,,,,,,,,,,,,-0.002611887556867328,-0.00110054534864618,,,,,,,,,,,-0.0025443766607850713,,,,,,,-0.001302811649515984,,0.0036447612189240792,,,,,,,,,,,,,,,,,,,,,,-0.005242127343419959,,,,,,,,,,,-0.0008797043565986263,,,,,,,,,,,,-0.010532917035501554,,,,,,-0.000984984682378005,,,,,,,,,-0.0102340702851922,,,,,,,,,,,0.0007316813612069008,,,,-0.001302811649515984,,,,,,,,6.825871914807044e-05,,,,,,,,,,,,,,,,0.00047673984669485963,,,,,,,,-0.0008797043565986263,,,,,,,,,,,,,,,,,,
2022-03-29,-0.0002861591596457379,,0.0016203997765985951,,,,,-0.003908119843793576,,,,,,,,0.0043955608479232956,,0.0008400263549935302,-0.0014922512570519535,,,,,,,-0.003908119843793576,,,,,,,,,,,,,,0.0017789524308374767,,,,,,,,,,,,,,,,,-0.002611887556867328,-0.00110054534864618,,,,,,,,,,,-0.0025443766607850713,,,,,,,-0.001302811649515984,,0.0036447612189240792,,,,,,,,,,,,,,,,,,,,,,-0.005242127343419959,,,,,,,,,,,-0.0008797043565986263,,,,,,,,,,,,-0.010532917035501554,,,,,,-0.000984984682378005,,,,,,,,,-0.0102340702851922,,,,,,,,,,,0.0007316813612069008,,,,-0.001302811649515984,,,,,,,,6.825871914807044e-05,,,,,,,,,,,,,,,,0.00047673984669485963,,,,,,,,-0.0008797043565986263,,,,,,,,,,,,,,,,,,
2022-03-30,-0.0002861591596457379,,0.0016203997765985951,,,,,-0.003908119843793576,,,,,,,,0.0043955608479232956,,0.0008400263549935302,-0.0014922512570519535,,,,,,,-0.003908119843793576,,,,,,,,,,,,,,0.0017789524308374767,,,,,,,,,,,,,,,,,-0.002611887556867328,-0.00110054534864618,,,,,,,,,,,-0.0025443766607850713,,,,,,,-0.001302811649515984,,0.0036447612189240792,,,,,,,,,,,,,,,,,,,,,,-0.005242127343419959,,,,,,,,,,,-0.0008797043565986263,,,,,,,,,,,,-0.010532917035501554,,,,,,-0.000984984682378005,,,,,,,,,-0.0102340702851922,,,,,,,,,,,0.0007316813612069008,,,,-0.001302811649515984,,,,,,,,6.825871914807044e-05,,,,,,,,,,,,,,,,0.00047673984669485963,,,,,,,,-0.0008797043565986263,,,,,,,,,,,,,,,,,,
2022-03-31,-1.3003048553215333e-05,,,,,,,,,,,,,,0.008721971818582624,,,-0.0005383121847624625,,,,,,,,,,,,,,,,,,,,,,-0.0018700676863140423,,,,,,,,,,-0.010452721702885784,,,,,,,,-0.000559924957313568,,,,,,,,,,,,,,,,,,,-0.0036264328388842335,0.0011784063672562828,,,,,,,,,,,,,,,,,,,,,,-0.002869456225941729,,,,,,,,,,,-0.003174525718099036,,,,,,,0.0003210699656166718,,,,,0.0015571100428971787,,,,,,-0.0007051896339251814,,,,,,,,,,,,,,,,,,,,0.001850231517730151,,,,0.0019448973352978458,,,,,,,,0.0026559253655151134,,0.0014828917111683365,,0.0038560159706841637,,,,,,,,,,,,0.0014315470854143783,,,,,,,,-0.003174525718099036,,,,,,,,,,,,,,,,,,
2022-04-01,-0.00024300318217443408,,,,,,,,,,,,,,,0.0006404594619836547,,-0.0012323475076586766,,0.0020832681803341704,,0.00196579518195909,,,,,,,,,,,,,0.004704970991104863,,,,,0.006875723924222828,,,,,,,,,,,,,,,,,,-0.0006484080704069442,,,,,,,,-0.00449012715245789,,,,,,,,,,,,0.0033398782177083363,,,-0.00449012715245789,,,,,,,,,,,0.0018998293058037864,,,,,,,,,,,,,,,,,,,,,,,,,,,,,,,,,,,,,0.0029953220107875405,-0.00449012715245789,,,,,,,,,,,,,,,,,,,0.0015099033684600116,,,,,,,,,,,,,,,,,-0.0008600598534837362,,,0.0010846831754409937,,,,,,,,0.0016317232677716745,,,,,,,,0.00024300318217443408,,,,,,,,,,,,,,,,,,
2022-04-02,0.0005420409566753641,,,,,,,,,,,,,,0.002302296287858709,,,-0.00016037550915180116,,,,9.512800508677279e-05,,0.0037592056083013375,,,,-0.0038663985245753684,-0.0003842615648728451,,,-0.0003842615648728451,,,,,,-0.00041482183106089556,,-0.0005067029537121086,,,,,,-0.012213376157422358,,,,,,,,,,,,,,,,9.512800508677279e-05,,,,,,,,,,,,,,,,0.0002888214325069843,,,,0.0006275145119989285,0.0027376948392166963,,,,,,-0.00041482183106089556,,,,,,,,,,,-0.00041482183106089556,,,,,,,,,,,,,,,,,,,,,,,-0.00041482183106089556,-0.0003842615648728451,,,,,-0.0034218762300977203,,,,,,,,,,,,,9.512800508677279e-05,,,,,,,0.0020824319616801956,,,,,,,,,9.512800508677279e-05,,,,,,,,,-0.00041482183106089556,,,,,,,-0.0003842615648728451,,,7.5985923664628925e-06,,,,,,,,,,,,,,,,,,,,,,,,,,0.004269699690503753
2022-04-03,-0.0015021276488598478,,,,,,,-0.002998322396144646,,,,,,,,,,0.0002838476202031829,,,,,,,,,,,,,,-0.0026966329928266065,,,,,,,,,,,,,,,,,,,,,,,,,,,,,,,,,,,,,,,,,,,,,,,,,,,,,,,,,,,,,,,,,,,,,,,,,,,,,,,,,,,,,,,,,,,,,,,,,,,,,,,,,,,,,,,,,,,,,,,,,,,,,,,,,,,,,,,,,,,,,,,,,0.0035214205501798842,,,,,,,,,,,,,,,,,,,,,,,,,,
2022-04-04,-0.0009592624662949759,,,,,,,0.004995787995424222,,,,,,,,,,-0.000718558285929334,,,,,,0.0014883167297631292,0.0009592624662949759,,,,,,,,,,,,,,,0.0016491304836506056,,,,,,,,,,,,,,,,,,-0.008954487905470654,,,,,-0.00023445581619035635,,,,,,,,,,,,,,,0.003581873055404201,,,,,,,,,,,,,,,,,,,-0.0012755200614302967,,,0.0025578514450896924,,,,0.00017026114471776197,,,,,,,,,,,,,,,,,,,,,,,,,-0.002223217266086784,,,,,,,,,,,,,,,,,,,,0.0047636774899298935,,,,-0.0028874299783299773,,,,,,,,,,,,,,,,,,,,,,,,,,,,-0.0012755200614302967,,,,,,,,,,,,,,,,,,,,,,0.003248220532583204
2022-04-05,-0.00044085637478336894,,,0.005891244219427491,,,,,,,,,,,,,,-0.0017010905806761525,,,,,,,,,,,,,,-0.0021432088027234526,,-0.0030742468520813934,,-0.0055274400346895175,,,,,,,,,,,,,,,,,,,,,,,,,,,,,,,,,,,,,,,,,,,,,,,,,,,,,,,,0.00177291093573819,,,,,0.0026843449995949545,,,,,,,,,,,,,,,,,,,,,,,,,0.005891244219427491,,,,,,,0.00014851854919211576,,,,,,,,,,,,,,,,,,,,0.002171750762531406,,,,,,,,,,,,,,,,,,,,,,,,,,,,0.005182892628984048,,,,,,,,,,,,,,,,,,,,,0.007062223755644414,,,,,
2022-04-06,-0.0017468591775951074,,,,,,0.002625346773350256,-0.001130833036986066,,-0.004383847488526618,,,,,,,,-0.00031738480380744854,0.005630624222074438,-0.004383847488526618,,,,,-0.004383847488526618,,,,,,,-0.0025260288139872986,,0.0007931725828523044,,,,,,-0.006974597374054517,0.004143025311780407,,,,,,,,,,,,,,,,,,,,,,0.0014397752253351478,,,,,,,,,,,,,,,0.0010491441941658387,,,,,,,,,,,,,,,,,,,,,,0.002406883694158179,,,,,,,0.0022573549711097677,,,,-0.00028988366325380767,,0.018289456365353604,,,,,,,,,,,,,0.002827049831245477,,,0.0019271871129619687,,,,,,,,0.00226674066908006,,,,,,,,,,,,,,,-0.005872188441452516,,,,,,,,,-0.003204956027025764,,,,,,,,-0.0009921039422664869,,,,,,,,0.0029848803774323233,,,,,-0.0005512431330840888,,,-0.00028988366325380767,,,,,,,,,,,0.006746359227590095,,,,,,,
2022-04-07,-0.0017468591775951074,,,,,,0.002625346773350256,-0.001130833036986066,,-0.004383847488526618,,,,,,,,-0.00031738480380744854,0.005630624222074438,-0.004383847488526618,,,,,-0.004383847488526618,,,,,,,-0.0025260288139872986,,0.0007931725828523044,,,,,,-0.006974597374054517,0.004143025311780407,,,,,,,,,,,,,,,,,,,,,,0.0014397752253351478,,,,,,,,,,,,,,,0.0010491441941658387,,,,,,,,,,,,,,,,,,,,,,0.002406883694158179,,,,,,,0.0022573549711097677,,,,-0.00028988366325380767,,0.018289456365353604,,,,,,,,,,,,,0.002827049831245477,,,0.0019271871129619687,,,,,,,,0.00226674066908006,,,,,,,,,,,,,,,-0.005872188441452516,,,,,,,,,-0.003204956027025764,,,,,,,,-0.0009921039422664869,,,,,,,,0.0029848803774323233,,,,,-0.0005512431330840888,,,-0.00028988366325380767,,,,,,,,,,,0.006746359227590095,,,,,,,
2022-04-08,-0.0001375646451259155,,,,,,,-0.0005737247553376675,,,,,,,,,,2.2307478405845485e-05,,,,,,0.0013008191416861705,,,,,,,,,,,,,,,,-0.005119974448762355,,,,,,,,,,,,,,,,,,-0.013598699091137836,,,,,,,,,,,,,,,-0.0005959630730527351,,,,,,,,,,0.006348913556004705,,,,,,,,,,,,,,,,,0.001227379114061206,,,,,,,,,-0.00020034625452806495,,,,,,,,,,,,,,,,,,,,-0.009388739863197701,,,,,,,,,,,,,,,,,,,,,,,,,,,,,,,,,,,,,,,,,,,,,,,,0.0007762901379617168,,,,,,,,,,,,,,,0.0015816079664255547,,,,,,,,,,,
2022-04-09,-0.0001375646451259155,,,,,,,-0.0005737247553376675,,,,,,,,,,2.2307478405845485e-05,,,,,,0.0013008191416861705,,,,,,,,,,,,,,,,-0.005119974448762355,,,,,,,,,,,,,,,,,,-0.013598699091137836,,,,,,,,,,,,,,,-0.0005959630730527351,,,,,,,,,,0.006348913556004705,,,,,,,,,,,,,,,,,0.001227379114061206,,,,,,,,,-0.00020034625452806495,,,,,,,,,,,,,,,,,,,,-0.009388739863197701,,,,,,,,,,,,,,,,,,,,,,,,,,,,,,,,,,,,,,,,,,,,,,,,0.0007762901379617168,,,,,,,,,,,,,,,0.0015816079664255547,,,,,,,,,,,
2022-04-10,0.00013943459203374497,,,,,,,,,,,,,,,,,-0.00027333294974389653,,,,,,,,,,,,,,,,,,,,,,,,,,,,,,,,,,,,,,,,,,,,,,,,,,,,,,,,,,,,0.0009585944458432707,,,,,,,,,,,,,,0.001314896069060224,,,,,-0.00013943459203374497,,0.0015704848951858287,,,,,,,,,,,,,,,,,,,,,,,,,,,,,,,,,,,,,,,,,,,,,,,,,,-2.5036392838253133e-05,,,,,,,,,,,,,,,,,,,,,,,,,,,,-0.00029166837753516847,,,,,,,,,,,,,,,,,,,,,,,,,,
2022-04-11,-0.0010255682544127915,,,,,,-0.004507581460322595,0.0005066461995969057,,,,,,,,,,-0.00042504325400954707,0.0002872758730556981,,,,,0.0022916180669183828,,,,,,,,-0.00242580722096166,,,-0.004153699138214535,-0.008968404130992255,,0.0005352473008445,,0.0015338916479531645,,-0.01086147383605277,,,,,,,,-0.004507581460322595,,,,,,,,-0.00048613930799184125,,,,,0.0016726917902957915,,,,,,,,,,,0.002969202851108615,,,,-0.0016204129364560174,,,,,0.0025170811345378834,0.008410656284662107,,,,,,,,,,,,,,,,-0.0059590838915296734,,,,0.001632242888739656,,,,,,,,,,,,,,,,,,,,,,,,,0.0008409970531772018,,,,,,,0.001646481315939954,,,-0.004507581460322595,,,,,,,,,,5.758704041970903e-05,,,,,,,,,,,,-0.0014610467029174438,,,,,,,,,,,,,,,,0.003503867927652827,,,,,,,,,,,,,,,,,,,0.006677936314011352,,,,,,,-0.009923479569463945
2022-04-12,-0.0010255682544127915,,,,,,-0.004507581460322595,0.0005066461995969057,,,,,,,,,,-0.00042504325400954707,0.0002872758730556981,,,,,0.0022916180669183828,,,,,,,,-0.00242580722096166,,,-0.004153699138214535,-0.008968404130992255,,0.0005352473008445,,0.0015338916479531645,,-0.01086147383605277,,,,,,,,-0.004507581460322595,,,,,,,,-0.00048613930799184125,,,,,0.0016726917902957915,,,,,,,,,,,0.002969202851108615,,,,-0.0016204129364560174,,,,,0.0025170811345378834,0.008410656284662107,,,,,,,,,,,,,,,,-0.0059590838915296734,,,,0.001632242888739656,,,,,,,,,,,,,,,,,,,,,,,,,0.0008409970531772018,,,,,,,0.001646481315939954,,,-0.004507581460322595,,,,,,,,,,5.758704041970903e-05,,,,,,,,,,,,-0.0014610467029174438,,,,,,,,,,,,,,,,0.003503867927652827,,,,,,,,,,,,,,,,,,,0.006677936314011352,,,,,,,-0.009923479569463945
2022-04-13,-0.00029071816725572406,,,,,,,5.696813138017509e-05,,,,,,,,-0.0011509830401690382,,0.00020384076780651964,-0.00651756069984668,,,,,0.0006585224956691058,,,,,,,,,,,,,,,,0.003481392888603464,,,,,,,,,,0.0003982365433011852,,,,,,,-0.0011509830401690382,0.00029071816725572406,,,,,,,,,,,,,,,,,,5.696813138017509e-05,,-0.005567169478459219,,,,,,0.000615854805928126,,,,,,,,,,,,,,,,0.0017696270264256982,,,,,,,-0.00017991727896029012,,,,,,,,,,,,,,,,-0.002115789028200795,,,,,,,,,,,,,,,,,,,,,,,,,,,,,,5.696813138017509e-05,,,,,,,,-0.001959283789676122,,,,,,,,,,,,,,,,0.003481392888603464,,,,,,,,,,,,,,,,,,,,,,,,,,
2022-04-14,-0.0020166233573075108,,,,,,-0.0014987587444127422,-0.0014987587444127422,,0.0018545019270592834,,,,,,,,0.00025504543099981935,,,,,,0.0015755834518857033,-0.0033496931899258905,,,,,-0.010075423883761018,,-0.0014699972972114887,,,,,,,,-0.0014987587444127422,,,,,,,,,,,,,,,,,,,,,,,,,,,,,,,,,,,,,,,,,,,0.0008606344677146926,,,,,,,,,,,,,,,,,,,,,,,,-0.004692534643363399,,,,,,,,,,0.01031124844025375,,,,,,,,,,,,,-0.0014987587444127422,,,,,,,,,,,,,-0.0013174641148588186,,,,,,-0.0014987587444127422,,,,,,,,,,,,,,,,,,,,,,,,,,,,0.0002503848309902152,,,,,,,,,,,,,,,,,,,0.01657767387091548,,,,,,,
2022-04-15,-0.001566449200591926,,,,,,,,,,,,,,,,,-0.00016778503009111942,,,,,,,,-0.0008174398552843599,,,,,,,,,,,,,,,,,,,,,,,,-0.008099388965660505,,,,,,,,,,,,,,,,,-0.0005362464552388516,,,,,,,,,,,,,,,,,,,,,,,,,,,,,,,,,,,,,,,,,,,,,,,,,,,,,,,,,,,,,,0.0023939349678367286,,0.002347528339530283,,,,,,,,,,,,,,,,0.002852788279573145,,-0.002141374307009106,,,,,,,,,,,,-0.002339419366930769,,,,,,,,,,,,,,,,-0.002141374307009106,,,,,,,,-0.002141374307009106,,,,,,,,,,,,,,,,,,
2022-04-16,-0.0004320781149776413,,,,,,,,,,,,,,,,,-0.0017307586045814684,,,,,,,,,,,,0.020070726975935975,,,,,,,,,,,,,,,,,,,,,,,,,,,,,,,,,,,,,,,,,,,,,,,,,,,,,,,,,,,,,,,,,,,,,,,,,,,,,,,,,,,,,,,,,,,,,,,,,,,0.020070726975935975,,,,,,,,,,,,,,,,,,,,,,,,,,,,,,,,,,,,,,,,,,,,,,,,,,,,,,,,,,,,,,,,,,,,,,,,,,
2022-04-17,-0.003683848303115122,,,,,,,0.0032020243102075714,,,,,,,,,,-0.002853744887389292,,,,,,-0.0001482428917376653,0.0030716958526688628,,,,,,,,,,,,,,,0.002605106217110859,,,,,,,,,,,,,,,,,0.0026128326891632202,,,,,,,,,,,0.004417451857544125,,,,,,,,,,,,,,,,,,,,,,0.004417451857544125,,,,,,,,,,,,,,,,,,,,,,,,,,,,-0.0001482428917376653,,,,,,,,,,0.001344680695908148,,,,,,,,0.004228653516999324,,,,,,,,,,,,,0.00507467275603432,,,,,,,,,,,,,,,,,,,,,,,,,,,,0.004378954808436238,,,,,,,,,,,,,,,,,,,,,,,,,,
2022-04-18,-0.0031431604342860796,,,,,,,,,,,,,,,0.0013501985655028196,,-0.002566183758836781,,,0.005547257014859376,,,0.002392394326665004,,,,,,,,0.0007191349857481443,,,,,,,,-0.0013240350001460116,,,,,0.01790112973770992,,,,,,,,,,,,,0.003225915560067585,,,,,0.0031431604342860796,,,,,,,,,,,,,,,0.0043621286387204375,,,,,0.0011316326509512777,,,,,,,,,,,,,,,,,0.006715816031767386,,,,,,,,,,,,,,,,,,,,,,,,,,,,-0.013319865756241231,3.108688561454572e-05,,0.0004886607450186949,,,,,,,,,,,,,,,,0.01790112973770992,,,,,,-6.647360324096114e-05,,,,,,,,,,,,,,,,,,,0.0030291764194043274,,,,,,,,,,,,,,,,,,,,,,,,,,0.0024122230014058154,,,,,
2022-04-19,-0.0009096303643291931,,,,,,,,,-0.0034691326351234614,,,,,,1.9953981772091213e-05,,-0.0015205678140271237,-0.011084436540937425,,,,,-0.00016034501343714517,,,,,,,,,,,,,,,,-0.003348316028125721,,,,,,,,,,-0.000893531660597719,,,,,,0.005896192890574255,,,,,,,-3.236767631488479e-05,,,,,,,,,,,,,,,-0.0005582595439276876,,,,,,,,,,,,,,,,,,,,,,0.0032852649689949897,,,,,,,,,,,0.0016565299530157387,,,,0.0011427575872944,,,0.0016565299530157387,,,,,0.0050879530225576815,,,,,,0.013056362893278911,,,,,,,,,,,,,,,-4.324971571273396e-05,,,,,0.0009096303643291931,,,,-0.0012057084865129762,,,,,,,,-0.0007584263495990858,,,,,,,,,,,,,,,,0.007772962699359651,,,,,,,,0.0016565299530157387,,,,,,,,,,,,,,,,,,
2022-04-20,-0.00080812884791625,,,,,,,0.001517897461059228,,,,,,,,,,-0.0015407938380271756,-0.004513536241960759,0.001699692995319824,,,,-0.0031581519053310927,,-0.002032076059957824,,,,,,,,,,,,,,0.001280789369979865,,,0.010849549708968077,,,,,,,0.005443910904349166,-0.002691746031556804,,,,,,,0.008618711071031107,,,,,-0.0019484291658633114,,,,0.004777106460737117,,,,,,,,,,0.000722333320210609,0.0015330908633564566,,,,,,,,,-0.0033446519579308637,,,-0.002032076059957824,,,,,,,,,,0.004986451506144738,,,,,,,,,,,-0.006110918300447889,,,,,,,,,,,,0.004986451506144738,,,,,,0.0011963546895786216,,0.0032131943531549184,,,,,,,,,,,,,,,,,,0.0021224726757834,,,,,,,,,,,,,,,,,,,,,,,,,,,,0.001582509798156472,,-0.002032076059957824,,0.005163041241486118,,,,-0.006110918300447889,,,,,,,,,,,,,,,,,,0.0007798568281122655
2022-04-21,-0.0003833980848752212,,,,,,,-0.002285155440460822,,-0.0030721897577384613,,,,0.0017708994723766086,,,,-0.00027044569919905403,0.0015843828924174044,,,,,-0.0005891541096945985,,,,,,,,0.0004279285489821086,,,-0.0019419129254724136,,,,,0.00017594718595757204,,,,,,,,,0.0004279285489821086,-0.0025159264090351347,,,,,,,,,,,,,,,,-0.0017431303574426925,,,,,,,0.004717530824913935,,,,,0.0016032068231514856,,0.005869432344213297,-0.0017431303574426925,,,,,,,,,-0.005076272014559024,,,,,,,,,,-0.004620973032569405,,0.0055336189925648755,,,,,,,,,,,,,,,,-0.00024471360816289865,,,,,,,,,,,0.007648727930850234,,,,,,,,,,,,,,,,,,,,0.003812682619471624,,,,0.0017708994723766086,,,,,,,,-0.0017964477306434655,,,,,,,,,,,,,,,,0.00028705805634915026,,,,,,,,,,,,,,,,,,,,,0.0006542914097928023,,,,,
