date,industry_tone,northern_star_resources_ltd_diff,ramsay_health_care_ltd_diff,national_australia_bank_ltd_diff,fortescue_metals_group_ltd_diff,qantas_airways_ltd_diff,crown_resorts_ltd_diff,suncorp_group_ltd_diff,woodside_petroleum_ltd_diff,newcrest_mining_ltd_diff,scentre_diff,santos_ltd_diff,cochlear_ltd_diff
2021-12-22,0.006807815372047103,,,,,,,,,0.0,,,
2021-12-23,0.006807815372047103,,,,,,,,,0.0,,,
2021-12-24,0.006807815372047103,,,,,,,,,0.0,,,
2021-12-25,0.006807815372047103,,,,,,,,,0.0,,,
2021-12-26,0.006807815372047103,,,,,,,,,0.0,,,
2021-12-27,0.006807815372047103,,,,,,,,,0.0,,,
2021-12-28,0.006807815372047103,,,,,,,,,0.0,,,
2021-12-29,0.006807815372047103,,,,,,,,,0.0,,,
2021-12-30,0.006807815372047103,,,,,,,,,0.0,,,
2021-12-31,0.006807815372047103,,,,,,,,,0.0,,,
2022-01-01,0.006807815372047103,,,,,,,,,0.0,,,
2022-01-02,0.006807815372047103,,,,,,,,,0.0,,,
2022-01-03,0.006807815372047103,,,,,,,,,0.0,,,
2022-01-04,0.006807815372047103,,,,,,,,,0.0,,,
2022-01-05,0.006807815372047103,,,,,,,,,0.0,,,
2022-01-06,0.006807815372047103,,,,,,,,,0.0,,,
2022-01-07,0.006807815372047103,,,,,,,,,0.0,,,
2022-01-08,0.006807815372047103,,,,,,,,,0.0,,,
2022-01-09,0.006807815372047103,,,,,,,,,0.0,,,
2022-01-10,0.006807815372047103,,,,,,,,,0.0,,,
2022-01-11,0.006807815372047103,,,,,,,,,0.0,,,
2022-01-12,0.006807815372047103,,,,,,,,,0.0,,,
2022-01-13,0.006807815372047103,,,,,,,,,0.0,,,
2022-01-14,0.006807815372047103,,,,,,,,,0.0,,,
2022-01-15,0.006807815372047103,,,,,,,,,0.0,,,
2022-01-16,0.006807815372047103,,,,,,,,,0.0,,,
2022-01-17,0.006807815372047103,,,,,,,,,0.0,,,
2022-01-18,-0.0018524178684227587,,,,,0.0,,,,,,,
2022-01-19,-0.0018524178684227587,,,,,0.0,,,,,,,
2022-01-20,-0.0018524178684227587,,,,,0.0,,,,,,,
2022-01-21,-0.0018524178684227587,,,,,0.0,,,,,,,
2022-01-22,-0.0018524178684227587,,,,,0.0,,,,,,,
2022-01-23,-0.0018524178684227587,,,,,0.0,,,,,,,
2022-01-24,0.0034583271577491217,0.0,,,,,,,,,,,
2022-01-25,0.0034583271577491217,0.0,,,,,,,,,,,
2022-01-26,0.0034583271577491217,0.0,,,,,,,,,,,
2022-01-27,0.0034583271577491217,0.0,,,,,,,,,,,
2022-01-28,0.0034583271577491217,0.0,,,,,,,,,,,
2022-01-29,0.0034583271577491217,0.0,,,,,,,,,,,
2022-01-30,-0.0007172054020711199,,,-6.67701378920326e-05,,,,4.423977715524018e-05,,,4.423977715524018e-05,,
2022-01-31,-0.0007172054020711199,,,-6.67701378920326e-05,,,,4.423977715524018e-05,,,4.423977715524018e-05,,
2022-02-01,0.0011051899721090264,,,,,,,,,0.0,,,
2022-02-02,0.0011051899721090264,,,,,,,,,0.0,,,
2022-02-03,0.0011051899721090264,,,,,,,,,0.0,,,
2022-02-04,0.0011051899721090264,,,,,,,,,0.0,,,
2022-02-05,0.0011051899721090264,,,,,,,,,0.0,,,
2022-02-06,0.0011051899721090264,,,,,,,,,0.0,,,
2022-02-07,0.0011051899721090264,,,,,,,,,0.0,,,
2022-02-08,0.0011051899721090264,,,,,,,,,0.0,,,
2022-02-09,0.0011051899721090264,,,,,,,,,0.0,,,
2022-02-10,0.0011051899721090264,,,,,,,,,0.0,,,
2022-02-11,0.0011051899721090264,,,,,,,,,0.0,,,
2022-02-12,0.0011051899721090264,,,,,,,,,0.0,,,
2022-02-13,0.0011051899721090264,,,,,,,,,0.0,,,
2022-02-14,0.0011051899721090264,,,,,,,,,0.0,,,
2022-02-15,0.0011051899721090264,,,,,,,,,0.0,,,
2022-02-16,0.0030599130984680033,,,,,0.0,,,,,,,
2022-02-17,0.0030599130984680033,,,,,0.0,,,,,,,
2022-02-18,0.0030599130984680033,,,,,0.0,,,,,,,
2022-02-19,0.0030599130984680033,,,,,0.0,,,,,,,
2022-02-20,0.0030599130984680033,,,,,0.0,,,,,,,
2022-02-21,0.0030599130984680033,,,,,0.0,,,,,,,
2022-02-22,0.0030599130984680033,,,,,0.0,,,,,,,
2022-02-23,0.0030599130984680033,,,,,0.0,,,,,,,
2022-02-24,0.0030599130984680033,,,,,0.0,,,,,,,
2022-02-25,0.0030599130984680033,,,,,0.0,,,,,,,
2022-02-26,0.0030599130984680033,,,,,0.0,,,,,,,
2022-02-27,0.0030599130984680033,,,,,0.0,,,,,,,
2022-02-28,0.0030599130984680033,,,,,0.0,,,,,,,
2022-03-01,-0.0017075669610186839,,,,,,0.0,,,,,,
2022-03-02,-0.0017075669610186839,,,,,,0.0,,,,,,
2022-03-03,-0.0017075669610186839,,,,,,0.0,,,,,,
2022-03-04,-0.0017075669610186839,,,,,,0.0,,,,,,
2022-03-05,-0.0017075669610186839,,,,,,0.0,,,,,,
2022-03-06,-0.0017075669610186839,,,,,,0.0,,,,,,
2022-03-07,-0.0017075669610186839,,,,,,0.0,,,,,,
2022-03-08,-0.0017075669610186839,,,,,,0.0,,,,,,
2022-03-09,-0.0017075669610186839,,,,,,0.0,,,,,,
2022-03-10,-0.0017075669610186839,,,,,,0.0,,,,,,
2022-03-11,-0.0017075669610186839,,,,,,0.0,,,,,,
2022-03-12,-0.0017075669610186839,,,,,,0.0,,,,,,
2022-03-13,0.0,0.0,,,,,,,,,,0.0,
2022-03-14,0.0,0.0,,,,,,,,,,0.0,
2022-03-15,0.0,0.0,,,,,,,,,,0.0,
2022-03-16,0.0,0.0,,,,,,,,,,0.0,
2022-03-17,0.0,0.0,,,,,,,,,,0.0,
2022-03-18,0.0,0.0,,,,,,,,,,0.0,
2022-03-19,0.0,0.0,,,,,,,,,,0.0,
2022-03-20,0.0,0.0,,,,,,,,,,0.0,
2022-03-21,0.0,0.0,,,,,,,,,,0.0,
2022-03-22,0.0,0.0,,,,,,,,,,0.0,
2022-03-23,0.0,0.0,,,,,,,,,,0.0,
2022-03-24,0.0,0.0,,,,,,,,,,0.0,
2022-03-25,0.0,0.0,,,,,,,,,,0.0,
2022-03-26,0.0,0.0,,,,,,,,,,0.0,
2022-03-27,0.0,0.0,,,,,,,,,,0.0,
2022-03-28,0.0,0.0,,,,,,,,,,0.0,
2022-03-29,0.0,0.0,,,,,,,,,,0.0,
2022-03-30,0.0,0.0,,,,,,,,,,0.0,
2022-03-31,0.0,0.0,,,,,,,,,,0.0,
2022-04-01,0.0,0.0,,,,,,,,,,0.0,
2022-04-02,0.0,0.0,,,,,,,,,,0.0,
2022-04-03,0.0,0.0,,,,,,,,,,0.0,
2022-04-04,0.0,0.0,,,,,,,,,,0.0,
2022-04-05,0.0,0.0,,,,,,,,,,0.0,
2022-04-06,0.0,0.0,,,,,,,,,,0.0,
2022-04-07,0.0,0.0,,,,,,,,,,0.0,
2022-04-08,0.0,0.0,,,,,,,,,,0.0,
2022-04-09,0.0,0.0,,,,,,,,,,0.0,
2022-04-10,0.0,0.0,,,,,,,,,,0.0,
2022-04-11,0.0,0.0,,,,,,,,,,0.0,
2022-04-12,0.0,0.0,,,,,,,,,,0.0,
2022-04-13,0.0,0.0,,,,,,,,,,0.0,
2022-04-14,0.0,0.0,,,,,,,,,,0.0,
2022-04-15,0.0,0.0,,,,,,,,,,0.0,
2022-04-16,0.0,0.0,,,,,,,,,,0.0,
2022-04-17,0.0,0.0,,,,,,,,,,0.0,
2022-04-18,0.0,0.0,,,,,,,,,,0.0,
2022-04-19,0.02600554785020806,,0.0,,,,,,,,,,
2022-04-20,0.003942148963953976,,,,,,,,,,0.0,,
