date,industry_tone,becton_dickinson_diff,centene_diff,cerner_diff,uber_technologies_diff,unitedhealth_diff,microsoft_diff,lululemon_athletica_diff,nvidia_diff,blackstone_diff,paccar_diff,lam_research_diff,lockheed_martin_diff,mondelez_diff,exelon_diff,twitter_diff,walt_disney_diff,alphabet_diff,yum_brands_diff,broadcom_diff,duke_diff,netflix_diff,apple_diff,charles_schwab_diff,fiserv_diff,micron_technology_diff,regeneron_diff,dollar_tree_diff,wells_fargo_diff,mckesson_diff,equifax_diff,sherwin_williams_diff,baxter_diff,costar_diff,edwards_lifesciences_diff,goldman_sachs_diff,american_diff,expedia_diff,meta_platforms_diff,mongodb_diff,twilio_diff,general_motors_diff,tractor_supply_diff,hilton_worldwide_holdings_diff,intuitive_surgical_diff,ford_motor_diff,conocophillips_diff,eaton_diff,microchip_technology_diff,bristol_myers_squibb_diff,northrop_grumman_diff,truist_financial_diff,starbucks_diff,nike_diff,cognizant_technology_solutions_diff,t_rowe_price_diff,qualcomm_diff,tesla_diff,johnson_controls_diff,aflac_diff,valero_diff,accenture_diff,dow_diff,dollar_general_diff,constellation_brands_diff,ansys_diff,american_electric_power_diff,marvell_technology_diff,chubb_ltd_diff,devon_diff,metlife_diff,travelers_companies_diff,blackrock_diff,intercontinental_exchange_diff,marathon_petroleum_diff,berkshire_hathaway_diff,comcast_diff,ball_diff,emerson_electric_diff,costco_wholesale_diff,zoetis_diff,moderna_diff,union_pacific_diff,pepsico_diff,monster_beverage_diff,waste_management_diff,veeva_systems_diff,nucor_diff,schlumberger_diff,medtronic_diff,pfizer_diff,electronic_arts_diff,republic_services_diff,dupont_de_nemours_diff,prudential_financial_diff,palo_alto_networks_diff,analog_devices_diff,cadence_design_systems_diff,fedex_diff,block_diff,autozone_diff,mastercard_diff,servicenow_diff,baker_hughes_diff,cummins_diff,nxp_semiconductors_diff,marriott_diff,realty_income_diff,cigna_diff,american_express_diff,aptiv_diff,vertex_diff,procter_&_gamble_diff,humana_diff,eli_lilly_diff,xcel_diff,philip_morris_diff,rockwell_automation_diff,abbvie_diff,walmart_diff,kroger_diff,exxon_mobil_diff,abbott_laboratories_diff,oneok_diff,arista_networks_diff,thermo_fisher_scientific_diff,cloudflare_diff,us_bancorp_diff,dominion_diff,occidental_petroleum_diff,allstate_diff,hess_diff,ebay_diff,progressive_diff,verizon_communications_diff,digital_realty_diff,citigroup_diff,autodesk_diff,hp_diff,nextera_diff,chevron_diff,prologis_diff,kinder_morgan_diff,cisco_systems_diff,illumina_diff,old_dominion_freight_line_diff,agilent_technologies_diff,ross_stores_diff,boeing_diff,vmware_diff,kimberly_clark_diff,honeywell_diff,gilead_sciences_diff,motorola_solutions_diff,biogen_diff,dexcom_diff,intel_corporation_diff,anthem_diff,mcdonalds_diff,paypal_holdings_diff,resmed_diff,united_parcel_service_diff,global_payments_diff,alexandria_real_estate_equities_diff,morgan_stanley_diff,boston_scientific_diff,synopsys_diff,halliburton_diff,eversource_diff,msci_diff,visa_diff,adobe_diff,workday_diff,advanced_micro_devices_diff,activision_blizzard_diff,caterpillar_diff,welltower_diff,amgen_diff,simon_property_diff,archer_daniels_midland_diff,coca_cola_diff,norfolk_southern_diff,raytheon_technologies_diff,charter_communications_diff,ecolab_diff,ametek_diff,chipotle_mexican_grill_diff,paychex_diff,oracle_diff
2021-12-02,-0.001087313177920642,0.00860724098661367,,,,,-0.005177359990438234,,-0.003410047782500072,0.008151804923062032,,,0.0077091587820899725,,,0.00079529936096826,,,,0.0033768643568396154,,,0.001087313177920642,,,,,0.01300497298290441,-0.0005718045032964871,,,,,,,-0.0005718045032964871,,-0.008174947739969428,,,,,,,,,,,,,0.01056296213593734,,0.005599040327074493,,,,-0.0033512995927622528,,,,,,,,,,,0.0019949518651120445,,,,,,,,,0.006200604539654037,-0.012698184478544743,,,,,,,,,,,,,-0.0003684140285675902,,,,,,,,0.001087313177920642,,,,,0.0037840029911748755,,,,,,-0.0018329490616284666,,,,,0.00016531428431931208,,,,,0.0004331208699710395,-4.0275140536413226e-05,0.005820208831094048,,,,,,,0.00371082367983318,,,,,,,,,,,,-0.0018329490616284666,,,,,,,,-0.0018329490616284666,,,,-0.008435362693999356,,0.00751267192711747,,,,-0.0017058268701213679,0.004146290255985739,,,,,0.008151804923062032,,-0.0018329490616284666,,,,,,,,,,,,,,,,,,,,,,
2021-12-03,-0.0006449121921440496,,,,,,-0.0015877807145912243,,-0.001315431799197254,,,,-0.0029727027615032917,,,0.0007856365850597484,,,,,,,0.0029230685778163993,,,,,,0.0015661445427691762,,0.0011710969213433579,,,,,0.0015661445427691762,,,,,,,,,,-0.002244815788128747,,,,,,,0.002033621063216314,,,,,,,,,,,,,,,,,,,,-0.00021232373632818456,,,0.0009791944908870266,,,,,,,,,,,,,,,0.0008968850202086954,,,,,,,,-0.0015870497376337268,,,,,,,,,0.0018733379645167543,,,,,,,,,,,,-0.00805923672279862,,-0.0015877807145912243,,,,,,,,,,,,,,,,,,,-0.0034185418651420225,,,,,,,,-0.0014201040904158286,,,0.001623911395996634,,,,,,,,,,,,,,,,,,,,,,,,,,,,,,,,,,,,,
2021-12-04,-0.0002650727817020158,,,,,,0.005382113457523524,,,,,,,,,-0.00014897948571903144,,,,-0.0018473057565320393,,,,,,,,,-0.0056214802599562465,,,,,,,-0.0018473057565320393,,,,,,,,,,,,,,,,,,,,,-0.0018473057565320393,,,,,,,,,,,,,,,,,,,,,,,,,,,,,,,,,,0.01144252413650227,,,,,,,,,,,,,,,,,,,,,,,,,,,,,,,,,,,,,,,,,,,,,,,,,,,,,,,,,,,,,,,,,,,,,,,,,,,,,,,,,0.002584469120148333,,,,,,,,,,,,,,,,,0.002584469120148333
2021-12-05,-0.0002650727817020158,,,,,,0.005382113457523524,,,,,,,,,-0.00014897948571903144,,,,-0.0018473057565320393,,,,,,,,,-0.0056214802599562465,,,,,,,-0.0018473057565320393,,,,,,,,,,,,,,,,,,,,,-0.0018473057565320393,,,,,,,,,,,,,,,,,,,,,,,,,,,,,,,,,,0.01144252413650227,,,,,,,,,,,,,,,,,,,,,,,,,,,,,,,,,,,,,,,,,,,,,,,,,,,,,,,,,,,,,,,,,,,,,,,,,,,,,,,,,0.002584469120148333,,,,,,,,,,,,,,,,,0.002584469120148333
2021-12-06,-0.0011811421286436596,,-0.007490857783746547,,,,0.00782713238119128,,0.0003899966290748342,,,,,,,-0.00024677736573005724,0.007037726100344645,,,,,-0.0006518872273214781,,,,,,,-2.7575836013427708e-05,,,,,,,0.0011811421286436596,,-0.0012340251216884325,,,,,,,,0.005835687583189114,0.005214619994933868,,,,,,,,,,,,,,,,,0.00021655621159804867,,,,,,,,,0.004904704833439607,,,,,,,,,0.0003899966290748342,0.004044277118300587,,,,,,,,-0.002003649267477785,,,,,,,,,,,,,,,,,,,,,,,,,,,,,0.001982535484558476,,1.426127133127863e-05,,,,,,,,,,,,,,,,,,,0.005214619994933868,,,,,,,,,,,,,,,,,,,,,,,,,,,,,,,,,,,,,,,,,,,,,,,,0.0011811421286436596
2021-12-07,-3.386162484910226e-05,,,,,,-0.01870461107427281,,,,,,0.0007305942960518673,0.01037260759577897,,-0.0011451345421220741,0.007514777158807577,,,,,0.005343952554383277,-0.0006767088211049106,,,,,,-0.0036403318896744575,,-0.000827874815112491,,,,,,,,,,,,,,,-0.00436768772052047,,,,,0.0016810141099904167,,0.008720171543243515,,,,-0.0005205020488080911,-0.0025435560048288714,,,,0.012113858045590908,,,,,,,,,,,-0.004866897992891652,,,,-0.0016391205495258287,,,,,,,0.01037260759577897,,,,,,,-8.18245147637961e-05,,,,,,,,-0.0005205020488080911,,-0.0006767088211049106,,,,,,,,,0.0007322667294920133,,,,,,,-0.0005554830239014875,,,,,,,,,,,,,,,,,,,,,,,,,,,,,,,,0.0007305942960518673,,,,,,,,,,,,,,,,-0.0020900321804606255,,,,,,,,,,,,,,,,,,,,,,,,-0.000827874815112491
2021-12-08,-0.0007389308111492259,,,,,,-0.0002804065571523712,,0.0007389308111492259,,,,0.00032576605335774884,,,0.0012898514336908812,,,,0.0011361175375660156,,0.010634730712726142,,,,,,,-0.024648223288876156,,-0.0004868351822777285,,,,,0.005075726352923415,,,,,,,,,,0.0009149295610996833,,,,,,,4.0704306471108604e-05,,,,,-0.0001642385219134294,,0.009550350410950575,,,,,,,,0.0007389308111492259,,,0.0011765096437107794,,,,,0.0007389308111492259,,,,,,,,0.0024389172112580268,,,,,,0.0020270760108761386,-0.0002640889061785659,,,,,,,,,,,,,,,,,,,,,,,,-0.009433968326959556,0.002497018012274403,,,,-0.0012452733709352368,,,,,,,,,,,,,,,,,0.0013180702100025292,,,,,,,0.001369444853485091,,,,,,,,,,,,,,,,,,,,,0.005075726352923415,,,,,,,,,,,,,,,,,,0.0018545374036404503,,,,,,0.0007389308111492259
2021-12-09,-0.00014025500663879386,,,,,,,,,,,,,,,-0.00041084104674997033,,,,,,0.0034722555397588796,,,,0.0011444694939993488,,,0.006647275709936153,,,,,,,-0.0001910498316329807,,0.0011444694939993488,,,,,,,,,,,,,,,-0.00011988083785042378,,,,,0.0029645286975879402,,,,,,,,,,,,-0.0011998351772731358,,,,,,0.0015399918561110934,,,,,,,,0.00029916677882287676,,,,,,,-0.0004270991574602021,,,,,,,,0.000622252661987977,,,0.0038205426028486774,,,,,,,,,,,,,,,,,,-7.634152896076053e-05,0.0006069577649854371,,,,,,,,0.0014261758269827967,,,,,,0.006429563182739417,,,,,,,,,,,,,,-0.00017584969830314776,,,,,,,,,,,,,,,,-0.00026500347738445714,,,,,,0.00013407844775253832,,,,,,,,,,,,,,,,,,
2021-12-10,-0.0004159173808575738,,,,,,-0.001022368174846716,,,,,,,,,-0.0019835066841141845,,,,,0.015144599551400219,-0.00025691240666277863,0.0002635880985691701,,,,,-8.356232777926296e-05,-0.0030678114345650113,,,,,,,0.0038421532849362266,,,,,,,,,,0.0005263996717132413,,,,,,,-0.0018121118636177116,,,,,,,,,,,,,,,,,8.623563170431759e-06,,,0.0008477891736696724,,,,,,,,,,,,,,,,,,-3.4760520420400404e-05,,,,,,,,,,,,,,,,,,,0.005244922463020512,,,,,,,,,,0.0004597277042663043,,,-9.854942574406356e-05,,,,,,,,,,,,,,,,,,,,,,,,,,-0.0053410613567009555,,,,,,,,,,,,,,,,,,,,,,-0.0008444795236076273,,,,,,,,,,,,,,,,,,8.623563170431759e-06
2021-12-11,-0.0021364990291625643,,,,,,,,,,,,,,,-0.0062839945633614055,,,,,,,,,,,,,,,,,,,,0.008512288033051806,,,,,,,,,,,,,,,,,0.003275295549000401,,,,0.007026364219340709,,,,,,,,,,,,,,,,,,,,,,,,,,,,,,,,,,,,,,,,,,,,,,,,,,,,,,,,,,,,,,,,,,,,,,,,,,,,,,,,,,,,,,,,,,,,,,,,,,,,,,,,,,,,0.008512288033051806,,,,,,,,,,,,,,,,,,,,,,,,
2021-12-12,-0.0021364990291625643,,,,,,,,,,,,,,,-0.0062839945633614055,,,,,,,,,,,,,,,,,,,,0.008512288033051806,,,,,,,,,,,,,,,,,0.003275295549000401,,,,0.007026364219340709,,,,,,,,,,,,,,,,,,,,,,,,,,,,,,,,,,,,,,,,,,,,,,,,,,,,,,,,,,,,,,,,,,,,,,,,,,,,,,,,,,,,,,,,,,,,,,,,,,,,,,,,,,,,0.008512288033051806,,,,,,,,,,,,,,,,,,,,,,,,
2021-12-13,0.0001506278754039507,,,,,,0.0013170977387603638,,-0.00030727572219545055,,,,,,,3.8042182638744175e-05,,0.00035668246662468235,,0.0018073921747213616,,-0.0015925607878259607,0.00147711937246658,-0.0020496565222510883,,0.0018073921747213616,,,,,0.005552525283914765,,-0.005227285404087062,,,-0.0020985104825873555,,-1.7771937739956652e-05,0.00035668246662468235,,,,,0.00035668246662468235,,,,,,-0.0006208686638371807,,,,,,,,0.0007011905378766195,,,,,,,,,0.0019347908766814718,,,-0.0012592896175498563,,,-0.0035353297000966996,,,,,,,,,-0.0010121357055528956,,,,,,,,,-0.0009503007226062793,,,,,,,,,,,,,,0.0018073921747213616,,,,,-0.002269911769376178,,,,,0.003835849991670921,,0.00035668246662468235,,,-0.0009828746551383764,,,,,0.0018073921747213616,,,,0.004570897066419973,,0.00035668246662468235,,,,,0.0018073921747213616,,,0.00035668246662468235,,,,,0.0009700295934170025,,,,,,,,,-0.027738356853554493,,,,,,,,,,,,-0.0029471249285680373,,,,,,0.00035668246662468235,,,,,0.0018073921747213616,,-0.0013303118215371563,,,,,,,,,,,
2021-12-14,-0.00143025884696011,,,,,,-0.0030574841329083433,,,,,,0.0016099996607066875,,,0.0005380166558650073,,,0.00889506229868521,-0.011799754383053113,,-0.011799754383053113,,,,,,,,-0.0029036703053611024,0.00143025884696011,,,,,0.001620538382966716,,,,,,,,,,0.008816283407313984,,0.0032159731326743936,,,,,0.004424629430263498,,,,,,,,,0.006643071941546596,,,,,,,,,,,,,,,,,,,,,,,,,,,,,-0.0014101580287295959,,,,,,,,0.004329270883830149,,,,,,-0.0016310142344720222,,,0.003054833556509355,,,,,,,,,,,-0.00015791224868650722,0.0016907637228886939,0.00046512111573351813,,,,,,,,0.004383317976781381,,,,,,,,,,,,,,,,,,,,,0.0004870939628750739,,,-0.0007741900063820422,,,,,,,,,,,,0.0004086831686338573,,,,,,,,,,,,,-0.0007741900063820422,,,,,,,,,,,-0.011799754383053113
2021-12-15,4.452913005926294e-05,,,,-0.000824003997840839,,-0.003110133054032287,,,,,,,,,-0.0014795704928759672,,-0.000824003997840839,,,,0.0014492108618010258,,,,,,,0.024162684619638147,,,,,,,0.0015669647831824684,,,-0.005069907289765773,,,0.009385874491215735,,,,-0.000824003997840839,,,,,,,0.0014962079585639338,,,,-0.0021618490994530343,-0.005069907289765773,,,,0.0008730283319767956,,,,-0.0002847757635571097,,,,,,,0.00384934969243178,,,,-0.0038247186687627418,,,,,,,,,,,,,,-0.0012858697319726563,,,,,0.003748166584194582,,,0.0008730283319767956,,,,,,,,,,,,,,,,-0.0007908579468865036,,,,,0.0005753105829660294,0.004118536723900381,,,,,,,,,,,,0.0015498586250427778,,,,,,,,-0.003411525751355262,,,,,,,,,,,,,,,,,,,,,,,,-0.000824003997840839,,,,,,-0.0017240767007154112,,,,,,,0.0008730283319767956,,,,,,,,,,,
2021-12-16,-0.0013658648009782295,,,,,,-0.0025677257447468908,,-0.00026384546912994644,,,,0.001203977846638445,,,-0.0006771942856305898,,,,,,0.01557638112115244,,,,,,,0.0022865733782993364,,-0.008182888404674635,,,,,0.0006872975077485125,,,,,,,,,,0.0015752969988749015,,,,-0.015382078650083286,,,,,,,,,,,,,,,,,,,,,,,,,,,,,,,,,,,,,,,,,0.0014233519192442708,,,,,0.0025016409669112102,,,-0.0014934020829927186,,,,,,,,,,,,,,,,,,,,,-0.0030863384538166823,0.003050700218740694,-0.0032058250098681218,,,,,,,,,,,,,,,,,,,-0.0011833834894321394,,,,,,,,0.0024191297601822066,,,,-0.015382078650083286,,,,,,,,,-0.0014934020829927186,,,0.0013658648009782295,,,,,,,,,,,,,,,,,,,,,,,,
2021-12-17,-0.0018493493756773997,,,,,,-0.002233197079750406,,-0.0036930941953189885,0.010727820858027004,,,,,,-0.0002805882770164751,,,,,,-0.00394862680163112,,,,,,,0.002737317550897998,,,,,0.014162108346821786,,,,,,,,,,,,0.0016012879755196328,0.0014704983550527504,,,,,,-0.00181546933966537,,,,,,,,0.0014704983550527504,,,,,,,,,,,,,,,,,,,,,,,,,,,,0.0014704983550527504,,0.0006482675801714524,,,,,,,,,,,,,,,,-0.001881842885703368,,,,,,,,,,,,,0.011850599531946924,-0.0007463291903214385,,,,,,,,,,,,,,,,,,,,-3.535154234176772e-05,,,,,,,,-0.001881842885703368,,,0.002383537409865433,,,,,,,,,,,,,,,,,,,-0.004978608837218342,,,,,-0.0036930941953189885,,,,,,0.0016012879755196328,,,,,,,-0.0008346748063673942
2021-12-18,-0.0005658088841515775,,,,,,-0.0016444777900300636,,,,,,,,,0.0009925070922923939,,,,,,-0.0006300611566967307,,,,,,,0.0014040115002686524,,,,,,,-0.006355324797545474,,,,,,,,,,,,,,,,,-0.005734594341654874,,,,,,,,,,,,,,,,,,,,,,,,,,,,,,,,,,,,,,-0.0012123590046576858,,,,,,,,,,,,,,,,,,,,,,,,,,,,,,,,,,,,,,,,,,,,,,,,,,,,,,,,,,,,,,,,,,,,,,,,,,,,,,,,,,,,,,,,,,,,,,,,,,
2021-12-19,-0.0016043318225761871,,,,,,0.004994070405936634,,,,,,,,,-0.0017560425014101816,,,,,,0.001985219198749701,,,,0.004994070405936634,,,,,,,0.004994070405936634,,,-0.0035040945266869173,,,,,,,,,,,,,,,,,,0.004994070405936634,,,,,,,,,,,,,,,,,,,,,,,,,,,,,,,,,,,,,0.00023149511292257187,,,,,,,,,,,,,,,,,,,,,,,,-8.578171239313932e-07,,,,,,,,,,,,,,,,,,,,,,,,,,,,,,,,,,,,,,,,,,,,,,,,,,-0.0015744347621810997,,,,,,,,,,,,,,,,0.005592646061855098,,,,,,,0.004994070405936634,
2021-12-20,-0.0016043318225761871,,,,,,0.004994070405936634,,,,,,,,,-0.0017560425014101816,,,,,,0.001985219198749701,,,,0.004994070405936634,,,,,,,0.004994070405936634,,,-0.0035040945266869173,,,,,,,,,,,,,,,,,,0.004994070405936634,,,,,,,,,,,,,,,,,,,,,,,,,,,,,,,,,,,,,0.00023149511292257187,,,,,,,,,,,,,,,,,,,,,,,,-8.578171239313932e-07,,,,,,,,,,,,,,,,,,,,,,,,,,,,,,,,,,,,,,,,,,,,,,,,,,-0.0015744347621810997,,,,,,,,,,,,,,,,0.005592646061855098,,,,,,,0.004994070405936634,
2021-12-21,-0.0002584421365432541,,,,,,-0.0009556585271964201,,,,,,,,,0.00022527041342884293,,,,,,0.0013749701359992948,,,,,,0.0002584421365432541,,,,,,,,9.532404121586968e-05,,-0.0028160213695749233,,,,,,,,,,,,,,,,,,,,,,,,,,,,,,,,,,,,,,,,,,,,,,,,,,,,,-0.0021490254809636267,,,-0.007257138239698268,,,,,-0.0006137015927433324,,,-0.0018915406635943443,,,,,-0.0028160213695749233,,,,,,,,,,,,,-0.0008631269835184779,,,,,,,,,,,,,,,,,,,,,,,,,,,,,-0.0006137015927433324,,,,,,,,,,0.0014067179482176683,-0.005533727574029261,,,,,0.000850616707163849,,,,,,-0.0018915406635943443,,,,,,,,,,,,,,,,,,
2021-12-22,-0.0014398089030450121,,,,,,0.003390197091005476,,,,,,,,,-0.000504690965478011,,,,,,0.009754637666483242,,,0.00124220582834117,,,,0.00124220582834117,-0.0019105809605027473,,,,,,-0.003667018357577185,,0.001877047410220695,,,,,,,,,,,,,,,0.005528990701192142,,,,,,,,,,,,,,,,,,,,,0.0062778943113794335,,,,,,,,,,,,,,,,,-0.0007807409964870982,,,,,,,,-0.0034454879109842495,,,-0.00399763332413134,,,,,,,,,,,,,,,,,,-0.001619096462420851,,,0.0005967665317354298,,,,,,,,,,,,,,,,,,,,,,,,,,,,,0.000614331364288842,,,,,,,,,,,,,4.931139939700268e-05,,,,,,0.005109068513169506,,,,,,,,,,,,,-0.00399763332413134,,,,,
2021-12-23,0.0001698034000371388,,,,,,,,,,,,,,,0.0005703369726970243,,-0.0012593020853753911,,,,-0.00028682140343523475,,,,,,,,,,,,,,,,,,,,,,,,,,,,,,,,,,,,0.005104124410438997,-3.4756592813755106e-05,,,,,,,,,,,,,,,0.0013245598568688533,,,,,,,,,,,,,,,,,-0.001559024964244471,,,,,,,,,,,,,,,,,,,,,,,,,,,,,-0.01033240502605342,,,,,,,,,,,,,,,,,,,,,,,,,,,,,,,,,,,-0.0003240591622611368,,,,,,,,,,,,,,,,,,,,,,,0.0011733912204684052,,,,,,,,,,,
2021-12-24,0.0001698034000371388,,,,,,,,,,,,,,,0.0005703369726970243,,-0.0012593020853753911,,,,-0.00028682140343523475,,,,,,,,,,,,,,,,,,,,,,,,,,,,,,,,,,,,0.005104124410438997,-3.4756592813755106e-05,,,,,,,,,,,,,,,0.0013245598568688533,,,,,,,,,,,,,,,,,-0.001559024964244471,,,,,,,,,,,,,,,,,,,,,,,,,,,,,-0.01033240502605342,,,,,,,,,,,,,,,,,,,,,,,,,,,,,,,,,,,-0.0003240591622611368,,,,,,,,,,,,,,,,,,,,,,,0.0011733912204684052,,,,,,,,,,,
2021-12-25,-0.0009615079286324807,,,,,,0.007394341109186036,,,,,,,,,-0.0016706794913696654,,-0.002430007435516858,,,,0.04910787287807878,,,,,,,,,,,,,,,,,,,,,,,,,,,,,,,,,,,,,,,,,,,,,,,,,,,-0.002430007435516858,,,,,,,,,,,,,,,,,,-6.461362858088053e-05,,,,,,,,,,,,,,,,,,,,,,,,,,,,,,,,,,,,,,,,,,,,,,,,,,,,,,,,,,-0.006679364285420618,,,,,,,,,,,,,,,,,,,,,,,,,,,,,,,,,,,,,,,,
2021-12-26,-0.002979613741601861,,,,,,,,,,,,,,,-0.0008067769029274354,0.005005917353077309,,,,,,,,,,,0.0005014013588006553,,,,,,,,,,,,,,,,,,,,0.0018223371266223461,,,,,,,,,,,,,,,,,,,,,,,,,,,,,,,,,,,,,,,,,,,,,,,,,,,0.00443374334226152,,,-0.0021721023579532738,,,,,,,,,,,,,,,,,,0.0018538010522517964,,,,,,,,,,,,,,,,,,,,,,,,,,,,,,,,,,,,,,,,,,,,,,,,,,,,,,,,,,,0.0005014013588006553,,,,,,,,,,
2021-12-27,-0.0006631923271989348,,,,,,-0.0007351639987160366,,-0.0032243378895132103,,,,,,,0.0004375429289821888,,,,,,0.00636791386141816,-0.002108426298078227,,,,,,,,,,,,,-4.376055439150807e-05,,-0.00851111959940657,,,,,,,,,,,,,,,,,,,,-0.002108426298078227,,,,,,,,,,,,-0.0032243378895132103,,,,,,0.004742715838852772,,,,,,,,,,,,,,,-0.0024782018235251597,,,,,,,,,,,0.0009252905831331856,,,,,,,,,,,,,,,,,,-0.004159922446266673,,,-0.0032243378895132103,,,,,,,,,,,,0.0012068691482988148,,,,,,0.004742715838852772,,,,,,,,,,,,,,,,,,,,,,,,-0.0011634648414613799,,,,,,,,,,,,,,,,,0.0015120167054350777,,,,,,,
2021-12-28,-0.0016315307544594842,,,,,,0.001047210037557977,,-0.003991021306905829,,,,,,,-0.00030976913292895896,,,,,,0.003294387231796217,,,,,,,,,,,,,,0.0030983656181905236,,,,,,,,,,,,,,,,,,,,,,,,,,,,,,,,,,,,,,,,,,,,,,,,,,,,,,,-0.001538456109965619,,,,,,,,,,,,,,,,,,,,,,,,,,,,,0.00684536616422267,,,,,,,,,,,,,,,,,,,,,,,,,,,,,-0.003091484519394047,,,,,,,,,,,,,,,,-0.001206278087968298,,,,,,,,,,,,,,,,,,,,,,,,
2021-12-29,-0.00022443907648481192,,,,,,,,0.0027072808662590604,,,,,,,3.7367604939674833e-05,,,0.0027072808662590604,,,0.0024501628951936498,,,,-0.002405310852958349,,,,,0.0014554919418342193,,,,,-0.00019822301501052638,,,,,,,,,,,,,,,,,0.0014152816800697993,,,,,-0.002954117260621657,,,,,,,,,,,,,,,,,,,,,,,,,,,,,,,-0.0009444133442085524,,-9.997303201249639e-05,,,,,,,,,,-0.002405310852958349,,,,,,,,,,,,,,,,,,,0.0011573519594639701,-0.0020123796712819444,-0.002405310852958349,,,,,,,,,,,,,,,,,,,,,,,,,,,0.000377271334761988,,,,,,-0.002954117260621657,,0.003390599157538509,,,,,,,,-0.0013217486656632669,,,,,,,,,,,,,,,,,,,,,,,,
2021-12-30,-0.00022443907648481192,,,,,,,,0.0027072808662590604,,,,,,,3.7367604939674833e-05,,,0.0027072808662590604,,,0.0024501628951936498,,,,-0.002405310852958349,,,,,0.0014554919418342193,,,,,-0.00019822301501052638,,,,,,,,,,,,,,,,,0.0014152816800697993,,,,,-0.002954117260621657,,,,,,,,,,,,,,,,,,,,,,,,,,,,,,,-0.0009444133442085524,,-9.997303201249639e-05,,,,,,,,,,-0.002405310852958349,,,,,,,,,,,,,,,,,,,0.0011573519594639701,-0.0020123796712819444,-0.002405310852958349,,,,,,,,,,,,,,,,,,,,,,,,,,,0.000377271334761988,,,,,,-0.002954117260621657,,0.003390599157538509,,,,,,,,-0.0013217486656632669,,,,,,,,,,,,,,,,,,,,,,,,
2021-12-31,-0.0035697746057672714,,,,,,0.00481413318794058,,,,,,,,,-0.0025730263975840112,,0.0028770939315580814,,,,-0.0002670898935778344,,,,,,,,-0.001504022437010181,,,,,,,,,,,,,,,,,,,,,,,,,,,,,,,,,,,,,,,,,,,,,,,,,,,,,,,,,,,,,,,,,,,,,,,,,,0.007170977407503046,,,,,,,,,,,,0.0008993798585908209,,,,-0.0016497491938823297,,,,,,,,,,,,,,,,,,,,,-0.008351658115375304,,,,,,,,,,,,,,,,,,,,,,,,,,,,,,,,,,,,,,,,,,,,,,,,
2022-01-01,-0.0008215319073569623,,,,,,,,,,,,,,,0.0,,,,,,,,,,,,,,,,,,,,,,,,,,,,,,,,,,,,,,,,,,,,,,,,,,,,,,,,,,,,,,,,,,,,,,,,,,,,,,,,,,,,,,,,,,,,,,,,,,,,,,,,,,,,,,,,,,,,,,,,,,,,,,,,,,,,,,,,,,,,,,,,,,,,,,,,,,,,,,,,,,,,,,,,,,,,,
2022-01-02,-0.0018605409462390072,,,,,,,,,,,,,,,0.00012035117112534337,,,,,,,,,,,,,,,,,,,,,,,,,,,,,,,,,,,,,,,,,,,,,,,,,,,,,,,,,,,,,,,,,,,,,,,,,,,,,,,,,,,0.0002800130499216423,,,,,,,,,,,0.003453698158992758,,,,,,-0.0031272831203007813,,,,-0.008317006366634072,,,,,,,,,,,,,,,,,,,,,-0.012607051646353593,,,,,,,,-0.004926789370503074,,,,,,,,,,,,,,,,,,,,,,,,,,,,,,,,,,,,,,,,
2022-01-03,-0.0007539364462967753,,,,,,0.004622354345134742,,-0.002867393822597963,-0.003711844507147451,,,,,,-0.002897136917373865,0.006642813339325329,,,,,0.001384848214915441,0.002208369072129439,-0.0006482987925771706,,,,,,,,,,,,0.006095816788177126,,,-0.00014469651215847355,,,,,,,,0.021619147184925254,,,,,,0.005970650076322685,,,,,,,,,,,,,,,,,0.021619147184925254,,,,,,,,,,,,,-0.00016604893929503272,,,,,,,,-0.002664884502015557,,,,,,,,0.0016398408217784865,,,,,,,,0.001257131736388861,,,0.003450856378449683,,,,,,,,,,0.03366704583750399,,,,,,,,,,,,,,,,,,,,,,,,,,,,,-0.004558291428106039,,,,,,,,,,,,,,,,0.007655247695434108,,,,,,,,,,,,,,,,,,,,,,,,0.003048674071151647
2022-01-04,-0.0013967602500756515,,,,,,0.0005133494349382835,,0.0007508597722586357,,,,,,,0.00033842913693281937,,,0.0018781713623278852,-0.011566682840409199,,0.0009037890856169972,-0.00793154608538749,,,,,,0.002562876151232082,-0.009000993835041974,,,,,,0.0020238172603020774,,0.003315276440138625,,,,,,,,-0.0008321488476220004,,,,,,,0.0021336435623415867,,,0.010592691050696382,,-0.0018090539384343954,,,0.002357499635106371,,,,,,,,,,,,,,,,,,,,,,,,,,,,,,-0.0019147299507793103,,,,,,,,0.0005019387434954879,,,,,,,,,,,,,,,,-0.001251812043335712,,,,,0.0004369664307423009,-4.3591887214872475e-05,0.00020459515905384617,-4.3591887214872475e-05,,,,,,,,,,,,,,,,,,0.0012681498683972915,,,,,,,,0.00011312242234893773,,,,,,,,,,,,,,,,-0.0012662266528705762,,,,,,,,,,,0.002298962398948808,,,,,,,,,,0.005931907642365901,0.0018781713623278852,,0.00014186091391739917
2022-01-05,-0.0009334436020064797,,,,,,0.001006016477091665,,0.004967870713356672,,,,,,,-0.001287621711910113,,,-0.018674399535248375,,,-0.0008158201169917962,,,,0.004967870713356672,,,,,,,,,,0.0014764953901402547,,,,,,,,,,,,0.005534317768098035,,,,,0.0009334436020064797,,,,,-0.011157815173602436,,,,,,,,,,,,,,,,,,,,,,,,,,,,,,,,,0.0016650881047223448,,,,,,,,0.0009334436020064797,,,,,,,,,,,,,,,,,,,,,0.0016211164343577914,-0.001778146223832178,-0.0017690947571473636,,,,,,,,,,,,,,,,,,,,,,,0.004193353728791905,,,,0.0038233246833999823,,,,,,,,,,,,,,,,,,,,,,,,,,,,,,,,,,,,,,,,
2022-01-06,-0.002075287784595832,,,,,,0.0027266170253407353,,,,,,-0.0002667861687313173,,,-0.0021931685569821276,,,0.004601178160953497,,,,0.00018983206154579322,,,,,,,,0.0040235981226329105,,,,,0.0016563887350777757,,,,,,,,,,0.003273312745957359,,,,,,,-0.014998034373472094,,,,,0.0026613168516375564,,,,,,,,,,,,,,,,,,,,,,,,,,,,,,,,,0.004234881780924522,,,,,,,,,,,,,,,,,,,,,,,,0.009297068675763586,,,,,-0.00044043488021168605,,,,,,,,,,,,,,,,,,,,,,,,,,,,,,,,,,,,,,,,,,,,,,,,,,,,,,,,,,,,,,,,,,,,,
2022-01-07,-0.0005459443159787441,,,,,,,,0.000984120738323408,,,,,,,-0.0017874427407434967,,,,,,,,-0.0013899298522003249,,,,,,,,,,,,-0.00016111422609985993,,,,,,,,,,-0.0004781652719400395,,,,,,,-0.0032476066473835375,0.0013908651348277208,,,,-0.010287213344527665,,,,-0.003388306484641297,,,,,,,,,,,,,,,,,,,,,,,,,,,,,0.0003311583404858611,,,,,,,,,,,,,,,,,,,0.008442286873675887,,,,,0.00012853047854306777,,,,,-0.001297428882743062,-0.0015445162386038321,,-0.0005408905969945497,,,,,,,,,,,,,,-0.0032476066473835375,,,,,,,,,,,,,,,,,,,,,0.018104293310925827,,,,,,,0.0009318986531445829,,,,,,0.0034884732032007333,,,,,,,,,,,,,,,,,,
2022-01-08,0.006437976443554849,,,,,,,,,,,,,,,0.003207473909251522,,,,,-0.0007939610918330977,,,,,-0.014880357194926733,,,,,,,,,,,,,,,,,,,,,,,,,,,,,,,,,,,,,,,,,,,,,,,,,,,,,,,,,,,,,,,,,,,,,,,,,,,,,,,,,,,,,,,,,,,,,,,,,,,,,,,,,,,,,,,,,,,,,,,,,,,,,,,,,,,,,,,,,,,0.009261226821879449,,,,,,,,,,,,,,,-0.006592571790234913,,,,,,,,,
2022-01-09,-0.0022847898068014344,,,,,,,,,,,,,,,0.002619626480642162,,,,,0.008171759979485896,0.003078880049984906,,,,,,,,,,,,,,0.000339075243127925,,,,,,,,,,,,,,,,,,,,,,,,,,,,,,,,,,,,,,,,,,,,,,,,,,,,,,,,,,,,,,,,,,,,,,,,,,,,,,,,,,,,-0.0011552845642532174,-0.0011552845642532174,,,,,,,,,,,,,,,,,,,,,,,,,,,,,,,,,,,,,,,,,,,,,,,,,,0.00109021794135801,,,,,,,,,,,,,,,,,,
2022-01-10,-0.0013419977435384528,,,,,,0.0004586852762992874,-0.0025111169871950352,-0.0029035080379181664,,,,,,,-0.0027231182328355656,,,,,,0.004114839270138135,0.0005999646284556097,,,-0.004061363146935417,,,-0.0013132437110270887,,,,,,,0.0011409791986287834,,,,,,,,,,0.0019856392094962563,,,,,,,0.000495041239336344,,,,,0.003306684667574967,,,,,,,,,,-0.0005238688395373899,,,,,-0.0016184122953445388,,,-0.0009567933796796259,,,,,,,,,,,,,,,-0.0005855260465290773,,,,,,,,,,,0.004554677118136877,,,,,,,,,,,,,,,,,,0.0024667765369196537,0.0005037853153627799,,0.0005130550992770566,,,,,,,,,,,,,,-0.002355420205514865,,,,0.0015110205886662,,,,,,,,0.0023372101498563055,,,,,,,,,,,0.004554677118136877,,,,,0.005958225505546269,,,,,,0.002076657508447328,,,-0.0005238688395373899,,0.0013419977435384528,,-0.004061363146935417,,,,,,0.005208674721343733,,,,,0.0028253304242054095
2022-01-11,-0.0013304716710035237,,,,,,,,0.0008473612126283195,,,,,,,-0.0010782044926284152,,,,,-0.004079803742024008,-0.000975615757857136,,,,,,,0.0007258511610665851,,,,,,,0.0012876978473063902,,,-0.0005943041092109744,,,,,,,,,,,,,,,,,,,-0.0027790338987935923,,,,,,,,,,,,,,,,,,,,,,,,,,,,,,0.015424507075220485,,,0.0005452387974674205,,,,,,,,,,,,,,,,,,0.0037880137909715164,,,,,,0.00026316576775050086,,,,,0.0024454677039003397,,0.0013304716710035237,,,,,,,,,,,,0.003462472012123578,0.003462472012123578,,0.0007258511610665851,,,,0.0003652579726907174,,,,,,,,-0.00045332079068953826,,,,,,,,,,,,,,,,,,,,,,,,,,,,,,,,,,,,,,,,
2022-01-12,-0.00032759294191699094,,,,,,-0.001293700665090706,,0.00039971258626317395,,,,,,,-8.610593330580363e-05,,,,,-0.007144593918104044,,,,,,,,-0.001293700665090706,-0.0018604167648897051,,,,,,-0.0030828156250293304,,,,,,,,,,,,,,,,,,,,,,0.0009073030868445272,,,,,,,,,,,,,,,0.0006618756381075046,,,0.008680974390727474,,,,,,,,,,,,,,,-0.0006856436125110692,,,,,,,,,,,0.0026176286937130283,,,-0.0023340697987971316,,,,,0.003945982632148368,,,,,-0.0010134513963614418,,,,,-0.0005810202893219136,-0.005434808256954748,,0.023054865669189687,,,0.0037461626123668746,,,,,,,,,,,-0.0016309547073453806,,,,,,,,,,,,,,,0.0003212998519500328,,,-0.018978442826901996,,,,,,,,,,-0.0036399049509823283,,,,,,0.016122754634493273,,,,,,,,,,,,,,,,,,
2022-01-13,-0.00032759294191699094,,,,,,-0.001293700665090706,,0.00039971258626317395,,,,,,,-8.610593330580363e-05,,,,,-0.007144593918104044,,,,,,,,-0.001293700665090706,-0.0018604167648897051,,,,,,-0.0030828156250293304,,,,,,,,,,,,,,,,,,,,,,0.0009073030868445272,,,,,,,,,,,,,,,0.0006618756381075046,,,0.008680974390727474,,,,,,,,,,,,,,,-0.0006856436125110692,,,,,,,,,,,0.0026176286937130283,,,-0.0023340697987971316,,,,,0.003945982632148368,,,,,-0.0010134513963614418,,,,,-0.0005810202893219136,-0.005434808256954748,,0.023054865669189687,,,0.0037461626123668746,,,,,,,,,,,-0.0016309547073453806,,,,,,,,,,,,,,,0.0003212998519500328,,,-0.018978442826901996,,,,,,,,,,-0.0036399049509823283,,,,,,0.016122754634493273,,,,,,,,,,,,,,,,,,
2022-01-14,0.00028402825630741965,,,,,,-0.0031483788391697804,,,,,,,,,-0.002402871284285413,,,,0.033565510543726446,,0.005214034823117808,0.0018756496925168465,,0.005147649992098991,,,,-0.002564685998000115,,,,,,,-0.003278011031862801,,,,,,,,,,,,,,,,,-0.0014660613532341323,,,,,,,,-0.0004827879955346417,0.005147649992098991,,,,,,,,,,,0.00137887449258398,,-0.0004827879955346417,,,,,,,,,,,,,,,,,,,,,,,,,,,,,,,,,,0.0007125435367245525,-0.00461969562390696,,,,,,,,,,-0.007455114436827568,,,,,,,,,,,,,,,,,-0.0006973434996376167,,,,,,,,,,,,,0.04622759965066938,,,,,,,,,,,,,,,-0.002564685998000115,,,,,,,,,,,,,,,,,,,,,,,,0.005147649992098991
2022-01-15,6.928588610760884e-05,,,,,,,,,,,,,,,-0.003367855413908251,,,,,,0.00010796472871843432,,,,,,,,,,,,,,,,,,,,,,,,,,,,,,,,,,,,,,,,,,,,,,,,,,,,-0.0014438815258902423,,,,,,,,-0.0035416322220162637,,,,,,,,,-0.0014016690923821231,,,,,,,,,,,,,,,,,,,0.005312040909910208,,,,,,,,,,0.0018323712722732714,,,,,,,,,0.008596788598802587,,,,,,,,,,,,-0.0014438815258902423,,,,,,,,,,,,,,,,,,,,,,,,,,,,,,,,,,,,,,,,,,,,,,,,
2022-01-16,6.928588610760884e-05,,,,,,,,,,,,,,,-0.003367855413908251,,,,,,0.00010796472871843432,,,,,,,,,,,,,,,,,,,,,,,,,,,,,,,,,,,,,,,,,,,,,,,,,,,,-0.0014438815258902423,,,,,,,,-0.0035416322220162637,,,,,,,,,-0.0014016690923821231,,,,,,,,,,,,,,,,,,,0.005312040909910208,,,,,,,,,,0.0018323712722732714,,,,,,,,,0.008596788598802587,,,,,,,,,,,,-0.0014438815258902423,,,,,,,,,,,,,,,,,,,,,,,,,,,,,,,,,,,,,,,,,,,,,,,,
2022-01-17,-0.0007045217815021426,,,,,,-0.007464226403220477,,,,,,,,,0.0006901253898479542,,,,,,0.0015451806429365809,,,,,,,-0.0013175184570986052,,,,,,,-0.0013175184570986052,,,,,,,,,,,,,,,,,,,,,,,,,,,,,,,,,,,,,,,,,0.0012693706112190501,,,,,,,,-0.007464226403220477,,,,,,-0.0023261047372900804,,,,,,,,,,,,,,,,,,,,,,,,,,,,,-6.156047384402532e-05,,,0.0035474769386228014,,,,,,,,,,,,,,-0.0013175184570986052,,,,-0.004548900891217768,,,,,,,,0.0019955361694777895,,,,,,,,,,,,,,,,,,,,,,,,,,,,,,,,,,,,,,,,
2022-01-18,-0.001062942481939172,,,,,,-0.0010508390594423538,,0.0006394471608151258,,,,,,,0.0015133036649162355,,,,,,0.00024690257452834993,-0.0008734123025168768,,,,,,-0.00019299283470490492,0.012443979604812973,,,,,,-0.0006767462364335646,,,,,,,,,,-0.0008734123025168768,,,,,,,0.000432053527858425,,,,,0.0036273729254233038,,,,0.04188760057542765,,,,,,,,,,,,,,,,,,,,,-0.006830367640592779,,,,,,,,-0.00017577195767375662,,,,,,,-0.0008734123025168768,,,,,,,,,,,,,,,,,,,,,,,,-0.0010047111447252905,,,,,,,,,,,,,,,-0.002081212731572191,,,,,,,,,,,,0.0013337514424660581,,,,,,,,,,,,,,,,0.0003167666331641473,,-0.0008734123025168768,,,,,,,,,0.0007268914686878849,,,,,,,,,,,,,
2022-01-19,-0.001062942481939172,,,,,,-0.0010508390594423538,,0.0006394471608151258,,,,,,,0.0015133036649162355,,,,,,0.00024690257452834993,-0.0008734123025168768,,,,,,-0.00019299283470490492,0.012443979604812973,,,,,,-0.0006767462364335646,,,,,,,,,,-0.0008734123025168768,,,,,,,0.000432053527858425,,,,,0.0036273729254233038,,,,0.04188760057542765,,,,,,,,,,,,,,,,,,,,,-0.006830367640592779,,,,,,,,-0.00017577195767375662,,,,,,,-0.0008734123025168768,,,,,,,,,,,,,,,,,,,,,,,,-0.0010047111447252905,,,,,,,,,,,,,,,-0.002081212731572191,,,,,,,,,,,,0.0013337514424660581,,,,,,,,,,,,,,,,0.0003167666331641473,,-0.0008734123025168768,,,,,,,,,0.0007268914686878849,,,,,,,,,,,,,
2022-01-20,-0.0018358737339714386,,,,,,0.01623215143240973,,-0.002329504140036188,,,,,,,-0.0004912795506480463,,,,,,-0.0006910979009458757,,-0.0009032041927955696,,,,,0.0028681531100617844,,,,,,,-0.0032763414529950567,,,,,,,,,,,,,,,,,,,,,,,,,,,,,,,,,,,,,,,,,,,,,,,,,,,,,-0.0007864964418139323,,0.0008850266117267798,,,,,,,,,,,0.00936127195296052,,,,,,,,,,,,,,,,,,-0.0006925847897054445,9.404924420465532e-05,,,,,,,,,,,,,,,,0.0028681531100617844,,,,,,,,,,,,-0.006060177273854671,,,,,,,,,,,,,,,,9.404924420465532e-05,,,,,,,,,,,,,,,,,,,,,,,,
2022-01-21,-0.0018358737339714386,,,,,,0.01623215143240973,,-0.002329504140036188,,,,,,,-0.0004912795506480463,,,,,,-0.0006910979009458757,,-0.0009032041927955696,,,,,0.0028681531100617844,,,,,,,-0.0032763414529950567,,,,,,,,,,,,,,,,,,,,,,,,,,,,,,,,,,,,,,,,,,,,,,,,,,,,,-0.0007864964418139323,,0.0008850266117267798,,,,,,,,,,,0.00936127195296052,,,,,,,,,,,,,,,,,,-0.0006925847897054445,9.404924420465532e-05,,,,,,,,,,,,,,,,0.0028681531100617844,,,,,,,,,,,,-0.006060177273854671,,,,,,,,,,,,,,,,9.404924420465532e-05,,,,,,,,,,,,,,,,,,,,,,,,
2022-01-22,-0.0018358737339714386,,,,,,0.01623215143240973,,-0.002329504140036188,,,,,,,-0.0004912795506480463,,,,,,-0.0006910979009458757,,-0.0009032041927955696,,,,,0.0028681531100617844,,,,,,,-0.0032763414529950567,,,,,,,,,,,,,,,,,,,,,,,,,,,,,,,,,,,,,,,,,,,,,,,,,,,,,-0.0007864964418139323,,0.0008850266117267798,,,,,,,,,,,0.00936127195296052,,,,,,,,,,,,,,,,,,-0.0006925847897054445,9.404924420465532e-05,,,,,,,,,,,,,,,,0.0028681531100617844,,,,,,,,,,,,-0.006060177273854671,,,,,,,,,,,,,,,,9.404924420465532e-05,,,,,,,,,,,,,,,,,,,,,,,,
2022-01-23,-0.00034433707282812917,,,,,,,,,,,,,,,0.0005540012475248934,,,,,,-0.00240847283239364,,,,,,,,,,,,,,,,,,,,,,,,,,,,,,,,,,,,,,,,,,,,,,,,,,,,,,,,,,,,,-0.0011722966070560007,,,,,,,,-0.00012222553623845534,,,,,,,,,,,,,,,,,,,,,,,,,,,,,,,,,,,,,,,,,,,,,,,,,,,,,,,,,,,,,,,,,,,,,,,,,,-0.0003687126885378838,,,,,,,,,,,,,,,,,,,,,,,,
2022-01-24,-0.002085817698661749,,,,,,-0.0009883952141645455,,-0.0004704413015001454,,,,,,,0.001722667803381642,,-0.0014609110183624262,,,,-0.001134613881544096,-0.004469594262155615,,,,,,,,,,-0.0007242791956407822,,,-0.0014889898967559824,,,,,,,,,,,,,,,0.009660427606251512,,,,,,,,,,,,,,,,,,,,,,,,,,0.0036893326033327874,,,,,,-0.0009969449775320094,,,,,,,,0.0009742245835087896,,,,,,,,,,,,,,,,,,0.004814501899853097,-0.0011591171641599555,,,,,-0.0007242791956407822,0.00676467278282266,,,,0.0059382245087428506,,,,,,,,,,,,,,,,0.0014743675724250907,-0.0005502115490966155,,,,,,,,,,,,-0.0013090076945205709,,,,-0.0007242791956407822,,,,,,,,,,,,-0.0024898466306030576,,,,,,,,,,,,,-0.0007242791956407822,,,,-0.0009969449775320094,,,,,,,
2022-01-25,-0.002085817698661749,,,,,,-0.0009883952141645455,,-0.0004704413015001454,,,,,,,0.001722667803381642,,-0.0014609110183624262,,,,-0.001134613881544096,-0.004469594262155615,,,,,,,,,,-0.0007242791956407822,,,-0.0014889898967559824,,,,,,,,,,,,,,,0.009660427606251512,,,,,,,,,,,,,,,,,,,,,,,,,,0.0036893326033327874,,,,,,-0.0009969449775320094,,,,,,,,0.0009742245835087896,,,,,,,,,,,,,,,,,,0.004814501899853097,-0.0011591171641599555,,,,,-0.0007242791956407822,0.00676467278282266,,,,0.0059382245087428506,,,,,,,,,,,,,,,,0.0014743675724250907,-0.0005502115490966155,,,,,,,,,,,,-0.0013090076945205709,,,,-0.0007242791956407822,,,,,,,,,,,,-0.0024898466306030576,,,,,,,,,,,,,-0.0007242791956407822,,,,-0.0009969449775320094,,,,,,,
2022-01-26,1.774783003418527e-05,,,,,,-0.0002918761356915571,,0.0013722221466143194,,,0.002424254611968258,,,,-0.00029277812942875964,,,,,,0.00707594222927593,,,,,,,0.0001814646085354228,-0.006070263439681229,,,,,,0.00022884896546598884,,,,,,,,,,,,,,,0.004165185800752202,,-0.00036696421482687884,,,,,,,,0.004165185800752202,,,,,,,,,,,,,,,,,,,,,,,,,,,,,,-0.0012990617858167806,,,,,,,,,,,0.004165185800752202,,,0.0010165303274649725,,-1.774783003418527e-05,,,0.003637975136571457,,,,,-0.00016042234950640338,0.005016231530650438,-0.005562494552164745,-0.0002901028629179803,,-0.004005419929841672,,,,,,,,,-0.002672732563871965,,,,,,,,0.0012852787914558906,,,,-0.0015062565427718506,,,,,,,,,,,,,,,,,,,,,,,,0.00029937982889952964,,,,,,,,,,,,,,,,,,,,,,,,
2022-01-27,1.774783003418527e-05,,,,,,-0.0002918761356915571,,0.0013722221466143194,,,0.002424254611968258,,,,-0.00029277812942875964,,,,,,0.00707594222927593,,,,,,,0.0001814646085354228,-0.006070263439681229,,,,,,0.00022884896546598884,,,,,,,,,,,,,,,0.004165185800752202,,-0.00036696421482687884,,,,,,,,0.004165185800752202,,,,,,,,,,,,,,,,,,,,,,,,,,,,,,-0.0012990617858167806,,,,,,,,,,,0.004165185800752202,,,0.0010165303274649725,,-1.774783003418527e-05,,,0.003637975136571457,,,,,-0.00016042234950640338,0.005016231530650438,-0.005562494552164745,-0.0002901028629179803,,-0.004005419929841672,,,,,,,,,-0.002672732563871965,,,,,,,,0.0012852787914558906,,,,-0.0015062565427718506,,,,,,,,,,,,,,,,,,,,,,,,0.00029937982889952964,,,,,,,,,,,,,,,,,,,,,,,,
2022-01-28,-0.00016041470628021,,,,,,-0.0015167903523265235,,,,,,-0.006101644650214925,,,-0.001717737764637657,,-0.001129841280507569,,,,-5.842062837244639e-05,,-0.004118523139091196,,,,,,,,,,,,,,,,,,,,,,,,,,,,,0.00139429801285521,,,,,,,,,,,,,,,,,,,,,,,,,,,,,,-0.0022698945608031714,0.020808773161782968,,,,,,,-0.00100004860940766,,,,,,,,,,,0.0021711811382520495,,,,,,,,,,,,,0.00139429801285521,,,,,0.002223830049949366,0.002339019271244431,0.00139429801285521,,,,,,,0.00016041470628021,,,,,,,,,,,,-0.0011236616700438721,,,,,,,,-0.006101644650214925,,,0.00139429801285521,,,,,,,,,,,,,,,,,,,0.0021711811382520495,,,,,,,,,,,,,,,,,,
2022-01-29,-0.001075573359277769,,,,,,0.001443972385525463,,0.001443972385525463,,,,,,,-0.0030543586489994784,,,,,,0.005389265016598101,,,,,,,,,,,,,,0.004258664777663307,,,,,,,,,,0.001075573359277769,,,,,,,,,,,,,,,,,,,,0.001443972385525463,,,,,,,,,,,,0.008468559879398999,,,,,,,,,,,,,-0.0011271301223594176,,,,,,,,,,,,,,,,,,,,,,,,0.008468559879398999,,0.008468559879398999,,,0.0016626621036123625,,0.001347623351184282,,,,,,,,,,,,,,,,,,,,,,,,,,,,,,,,,,,,,,,,,,,,,,,,,,,,,,,,,,,,,,,,,,,
2022-01-30,-0.002066660180081743,,,,,,,,,,,,,,,-0.0031066614656314003,,,,,,,,,,,,,,,,,,,,0.004302797273581239,,,,,,,,,,,-0.009402808095368998,,,,,,,,,,,,,,,,,,,,,,,,,,1.926327742405318e-05,,,,,,,,,,,,,,,,,,0.0009242255896549263,,,,,,,,,,,,,,,,,,,,,,,,,,,,,,,,,0.0032029341106087576,,,,,,,,,,,,,0.0012826846401185906,,,,,,,,,,,,,,,,,,,,,,,,0.007327602941024499,,,,0.0028346868124525296,,,,,,,,,,,,,,,,,,,,,,,,
2022-01-31,-0.0015040165322112542,,,,,,0.0015843471120255811,,-0.0005092943640694026,,,,,,,-0.0020521880319666016,,,,,,-0.002217576936588082,,0.0027881030090150323,,,,,-0.0038279830052146643,,,,,,,-0.001685861289864967,,,,,,,,,,,,,,,,,-0.000454036591904617,,,,,-0.0034116650704166056,,,,,,-0.0033811813183016897,,,,,,,0.0016450014386692792,,,0.011708098164864315,0.0015040165322112542,,,,,,,,,,,,,,,,0.0031841240590929744,,,,,,,,,,,0.003700563560283123,,,,,,,,0.00343230902737032,,0.006310245404830175,,,,,,,,,0.004800492725947697,0.0017044202835571189,,,,,,,,,,,,,,,,,,,-0.0026939159860235253,,,,,,,,-3.970134922938093e-05,,,,,,,,,,,,,,,,0.0005739940984029158,,,,,,-0.0008946114525814428,,,0.0015040165322112542,,,,,,,,,,,,,,,
2022-02-01,-0.0014597544243872503,,,,,,0.0018040875331588064,,,,,,,,,-0.0005634242656264799,,0.0009109995491990525,,,,0.006348847966965977,0.0009109995491990525,,,,,,0.004037113868089995,-0.007420041844537475,,,,,,,,,0.0009109995491990525,,,0.0025411667488830425,,,,,,,,,,,0.006463156737960473,,,,,,,,,,,,,,,,,-0.0002870794392349377,,,,,,,0.007350539273288622,,,,,,,,,,,,,,0.0011036155321599013,,,,,,,,-0.0019439987808136786,,,,,,,,,,,0.008832533033498905,,,,,,,,,,0.005015418343033649,,-0.0019439987808136786,,,,,,,,0.004037113868089995,,,,,,0.00048694130827227756,0.004037113868089995,,,,,,,,,,,,,,,,,,,,,,,,,,,,,,,,,,,,,,,,,,0.00048694130827227756,,,,,,,,,,-0.0007441023249240481
2022-02-02,-0.0014597544243872503,,,,,,0.0018040875331588064,,,,,,,,,-0.0005634242656264799,,0.0009109995491990525,,,,0.006348847966965977,0.0009109995491990525,,,,,,0.004037113868089995,-0.007420041844537475,,,,,,,,,0.0009109995491990525,,,0.0025411667488830425,,,,,,,,,,,0.006463156737960473,,,,,,,,,,,,,,,,,-0.0002870794392349377,,,,,,,0.007350539273288622,,,,,,,,,,,,,,0.0011036155321599013,,,,,,,,-0.0019439987808136786,,,,,,,,,,,0.008832533033498905,,,,,,,,,,0.005015418343033649,,-0.0019439987808136786,,,,,,,,0.004037113868089995,,,,,,0.00048694130827227756,0.004037113868089995,,,,,,,,,,,,,,,,,,,,,,,,,,,,,,,,,,,,,,,,,,0.00048694130827227756,,,,,,,,,,-0.0007441023249240481
2022-02-03,-0.0007160580351583129,,,,,,0.0007298746203736877,-0.018626168116913047,-0.006448139269884063,,,,,,,-0.00031655713599534386,,0.004017389090573214,,-0.006448139269884063,,-0.0018155587529367244,0.004017389090573214,,,,,,-0.0034361527864258065,,,,,,,-0.0017678936611374412,,0.0017278339829956413,0.00030855760586794413,,,,,,,0.010394042810799333,,,,,,,0.0029515122403212302,,,,0.03462154648610132,,,,,,,,,,,,,,,,-0.0007516687495974572,,,,,,,,,,,,,,,,,,6.558368457570702e-05,,,,,,,,,,,,,,0.008825174303667364,,,,,,,,,,,,-0.00476039322442546,,,0.00406346377919101,,,,,,,,,,,,,,,,,,,,,,,,,,,,,-0.0008527170652432935,,,,,,,,,,,,,,,,0.001044107709657917,,,,,,,,,,,,,,,,,,,,,,,,
2022-02-04,-0.0007160580351583129,,,,,,0.0007298746203736877,-0.018626168116913047,-0.006448139269884063,,,,,,,-0.00031655713599534386,,0.004017389090573214,,-0.006448139269884063,,-0.0018155587529367244,0.004017389090573214,,,,,,-0.0034361527864258065,,,,,,,-0.0017678936611374412,,0.0017278339829956413,0.00030855760586794413,,,,,,,0.010394042810799333,,,,,,,0.0029515122403212302,,,,0.03462154648610132,,,,,,,,,,,,,,,,-0.0007516687495974572,,,,,,,,,,,,,,,,,,6.558368457570702e-05,,,,,,,,,,,,,,0.008825174303667364,,,,,,,,,,,,-0.00476039322442546,,,0.00406346377919101,,,,,,,,,,,,,,,,,,,,,,,,,,,,,-0.0008527170652432935,,,,,,,,,,,,,,,,0.001044107709657917,,,,,,,,,,,,,,,,,,,,,,,,
2022-02-05,-0.0009538885733864362,,,,,,,,0.003087458088945198,,,,,,,-2.0338347161554123e-05,,,,,,-0.0009970517798638288,,,,,,,,,,,,,,,,-0.0004623339010020621,,,,,,,,,,,,,,,,,,,,,,,,,,,,,,,,,,,,,,,,,,,,,,,,,,,,,-0.0010950570112755289,,,,,,,,,,,,,,,,,,,-0.0009970517798638288,,,,,,,,,,,,,,,,,,,,,,,,,,,,,,,,,,,,,,,,,,,,,,,,,,,,,,,,,,,,,,,,,,,,,,,,,,,,,,,-0.006392570433372309
2022-02-06,-0.0028485757080905253,,,,,,0.0013074705816043222,,,,,,,,,-0.0008667291918180659,0.0013074705816043222,,,,,-0.0003257090533275572,,,,,,,,,0.009310924448740314,,,,,0.0013074705816043222,,,,,,,,,,,,,,,,,0.002558131328189276,,,,,,,,,,,,,,,,,,,,,,,,,,,,,,,,,,,,,,,,,,,,,,,,,-0.007357449929445884,,,,,,,,0.0013074705816043222,,,,,,,,,,,,,,,,,,,,,,,,,,,,,,,0.0013074705816043222,,,,,,,,,,,,,,,,,,,,,,,,,,,,,,-0.007357449929445884,,,,,,,,,,,,,,,,,,
2022-02-07,-0.0025326050853368013,,,,,,0.0034662881254087802,,,,,,,,,0.001396152990737126,,,,,,0.000324125728735831,,,,,,-0.010114271136236485,,,,,,,,,,,0.008794149808419995,,,,,,,,,,,,,,-0.0011913018837624778,,,,,,,,,,,,,,,,,,,,,,,,,,,,,,-0.001161630429565741,,,,,,,,-0.002210327944448826,,,,,,,,,,,,,,,,,,,,,,,,,,,,,0.0027536640461828387,0.0025326050853368013,,,,,,,,,,,,0.002338820468541037,,,,,,,,,,,,,,,,-0.003365304495682224,,,,,-0.0071203420616519865,,,,,,,,,,,0.0012945440094416511,,,,,,0.0045116078658357095,,,,,,,,,,,,,,,,,,
2022-02-08,-0.0006424121367426041,,,,-0.002747504556054669,,0.003539688179891325,,,,,,,,,-0.0009908546338069073,,,,2.41625250432478e-05,,-0.003476461260968828,,,,,,,,,,,,,,,,,,,,,,,,,-0.0013871478069072576,,2.41625250432478e-05,,,,-0.011692606982537037,,,,,,,,,,,,,,,2.41625250432478e-05,,,-0.0034544916884401,,,,,,,,,,,,-0.0034544916884401,,,,,,,,0.0001506689846906919,,,,,,,,,,,0.007536020776732106,,,,,,,,0.008490812436551504,,,,,,,,,,-0.0013681201577044905,,-0.0013871478069072576,,,,,,,,,,,,,,,,,,,-0.0024214148380253004,,,,,,,,,,,,,,,,,,,,,,,,0.07207098356531409,,,,,-0.0035086386721192996,,,,2.41625250432478e-05,,,,,,,,,,,,,,,0.004026042327231317
2022-02-09,-4.42595678119743e-05,,,,4.42595678119743e-05,,0.0011754498717919855,,0.0006418370014764766,,,,0.006236976932191456,,,-0.0017952368713749507,,,0.00024634835754262964,,,0.0009406620640926326,,,,,4.42595678119743e-05,,,,0.023688647966298753,,,,,,,,,,,,,,,,,,,,,,-0.006321624678924125,,,,0.002129582318722533,,-0.000780261694530078,,,,,,,,,,,,,,,,,,,,,,,0.002823643211695101,,,,,,,,,-0.0031600470202423694,,,,,,,,,,,,,-0.003742256647943718,0.03518952667184198,,0.0024741097918441713,,,,,,,,,,,,,-0.004007147920503352,,,,,,,,,,,,,,,,,,,,,-0.004228774952423787,,,,,,,,0.0017375819509938995,,,,,,,,,,,,,,,,,,,,,-0.0002490013857102249,,,,0.00233217024777903,,,,,,,,,,,,,0.00205577428264557,,
2022-02-10,-0.0008627168692570061,,,,,,-0.0027584996305652773,,-0.0017422638538856414,,,,,,,0.000649253992214887,,,,,,0.0009171146656327445,,,,,,,-0.0009714294494638858,,,,,,,-0.007985796580483434,,,,,,,,,,,,,,,,,-5.75511127793633e-05,,,,,-0.0015604799979248686,,,,,,,,,,,,,,,-0.0011808998750543823,,,,,,,,,,,-0.0013735841100191918,,,,,,,0.004340963688894283,,,,,,,,-0.0033715595987515263,,,,,,,,,,,,,,,,-0.001761806973489535,,,,,,,,,,,,,,,,,,,,,,,,0.0070444855969253786,,,,,,,,,,,,,,,,,,,,,,,,,,,,,,,,0.006260705146985663,,,,,,,,,,,,,,,,,,
2022-02-11,-0.0005172761836156833,,,0.008439362060660021,,,0.0009650774578571895,,-9.553775585872449e-05,,,,,,,-0.0009984594232226348,,0.008439362060660021,,,,-0.0030480107325915173,,,,,,,,,,,,,,-0.0006526904861461297,,-0.0012187956142753632,-0.0013531794675678002,,,,,,,0.0006231151052440781,,,0.0006231151052440781,,,,-0.03173558625792602,,,,,,,,,,,,,,,,,,,,,,,,,,,,,,,,,,,,,,3.0400451327646297e-05,,,,,,,,,,,,,,,,-9.553775585872449e-05,,,,,,,,-0.00029343722720413844,0.0005172761836156833,,,,-9.553775585872449e-05,,,,,,,,,,,,,,,,,,,,,,,,,,,,,,,,,,,0.00018453133331759123,,,,,0.0006231151052440781,,,,,,,,,,,,,,,,,,,,,,,,,,,,,0.008439362060660021
2022-02-12,-0.0005172761836156833,,,0.008439362060660021,,,0.0009650774578571895,,-9.553775585872449e-05,,,,,,,-0.0009984594232226348,,0.008439362060660021,,,,-0.0030480107325915173,,,,,,,,,,,,,,-0.0006526904861461297,,-0.0012187956142753632,-0.0013531794675678002,,,,,,,0.0006231151052440781,,,0.0006231151052440781,,,,-0.03173558625792602,,,,,,,,,,,,,,,,,,,,,,,,,,,,,,,,,,,,,,3.0400451327646297e-05,,,,,,,,,,,,,,,,-9.553775585872449e-05,,,,,,,,-0.00029343722720413844,0.0005172761836156833,,,,-9.553775585872449e-05,,,,,,,,,,,,,,,,,,,,,,,,,,,,,,,,,,,0.00018453133331759123,,,,,0.0006231151052440781,,,,,,,,,,,,,,,,,,,,,,,,,,,,,0.008439362060660021
2022-02-13,0.0006019088442709868,,,,,,,,-0.00455766523053539,,,,,,,0.002796683346016101,,-0.0007144125006398193,,,,-0.0006680780508426479,,,,,,,,,,,,,,,,,,,,,,,,,,,,,,,,,,,,,,,,,,,,,,,,,,,-0.0005184731290906696,,,,,,,,,,,,,,,,,,-0.0034596121710735793,,,,,,,,,,,,,,,,,,,,,,,,,,,,,-0.00455766523053539,,,,,,,,,,,,,,,,,,,,,,,,,,,,,-0.016659716953464077,,,,,,,,,,,,,,,,,,,,,,0.004262096603415111,,,,,,,,,,,,,,,,,,
2022-02-14,-0.001924079305947308,,,,,,0.00010166537888898846,,-0.003106911598021141,,0.009969983305608538,,,,,-0.0027606410217049775,,-0.002494736009666593,,,,0.0011901502842961956,,,,-0.0033029114806102594,,,0.0020898017002215995,,-0.011140086375177025,,,,,0.003831214534549249,,,-0.0016784706157703143,,,,,,,,,,,,,,-0.0015280908761793309,,,,,,,,,,,,,,,,,,,,,,,0.003763638422926832,,,,,,,,,,,,,,,,,,,,,,,0.0012015522676307976,,,0.0030182567189992815,,,,,-0.011977163760193107,,,0.008425560198817348,,,,,,,,,,0.001841199413081023,-0.0113987827252983,,,,,,,,,-0.0033029114806102594,,,,,,,0.003831214534549249,,,,0.0015117994036080251,,,,,,,,0.0014382162998804989,,,,,,,,,,,-0.002494736009666593,,,,,0.0006559633639183231,,,0.002021131319971372,,,0.0030182567189992815,,,0.0031151131499391705,,,,,,,,,,0.0030182567189992815,,,,,
2022-02-15,-0.0008792867999724521,,,,,,0.0008764132885556136,,,,-0.0006863322066422926,,,,,0.00031833786314001977,,,,,,,,,,,,,,,,,,,,,,-0.004655666429672745,-0.0029845870779897435,,,,,,,,0.0008792867999724521,-0.0006863322066422926,,,,,,,,,,,,0.006804115535391821,,,,,,,,,,,,,,,,,,,,,,-0.0001884448596542607,,,,,,,,,-0.0017065313321980237,,,,,,,,0.002428509879182964,,,,,,-0.0006863322066422926,,-0.00202561501434622,,,,,,,,,,,,,-0.003922208029413342,,,,,0.001285493640495646,,,,,,,,,,,,,,,,,,,,,,,,,,,,,,,,,,0.019413250288064378,,,0.00705873806470014,,,-0.00202561501434622,,,,,,,,,,,,,,,,,,,,,,-0.009236283591753013,,
2022-02-16,-0.0005856253498999873,,,,0.0013952108421279666,,-0.00026427156404536007,,-0.0010271495655504999,,,,,,,-0.000325013358131376,,,,-0.0019205326382995976,,0.004277779238874074,0.006849817660603927,-0.0013025413322741816,,,,,-0.003947877234196475,,,,,,,-0.009669265663397186,,,-0.00398832585046711,,,,,,,,-0.0013025413322741816,,,,,,0.0014364169263827464,,,,,,,,,,,,,,,,,0.003361976391725716,,,,,,,0.005375771335301441,,,,,0.0005034207736504486,,,,,,,0.002162768687696049,,0.0031328606443922283,,,,,,-0.0019205326382995976,,0.00603284182228261,,,,,,,,,,,0.0038644544548048637,,,,,,,,,,-0.0003698593209604627,,-0.0007050915894222764,,,,,,,,,,,,,,,0.002509590256780081,,,,0.003361976391725716,,,0.00018627872882294444,,,,,0.0036455384483679906,,,,,,,,,,,,,,,,,,,,-3.93557112799769e-05,,,,,,,,,,,,,,,,,,,,
2022-02-17,-0.0005856253498999873,,,,0.0013952108421279666,,-0.00026427156404536007,,-0.0010271495655504999,,,,,,,-0.000325013358131376,,,,-0.0019205326382995976,,0.004277779238874074,0.006849817660603927,-0.0013025413322741816,,,,,-0.003947877234196475,,,,,,,-0.009669265663397186,,,-0.00398832585046711,,,,,,,,-0.0013025413322741816,,,,,,0.0014364169263827464,,,,,,,,,,,,,,,,,0.003361976391725716,,,,,,,0.005375771335301441,,,,,0.0005034207736504486,,,,,,,0.002162768687696049,,0.0031328606443922283,,,,,,-0.0019205326382995976,,0.00603284182228261,,,,,,,,,,,0.0038644544548048637,,,,,,,,,,-0.0003698593209604627,,-0.0007050915894222764,,,,,,,,,,,,,,,0.002509590256780081,,,,0.003361976391725716,,,0.00018627872882294444,,,,,0.0036455384483679906,,,,,,,,,,,,,,,,,,,,-3.93557112799769e-05,,,,,,,,,,,,,,,,,,,,
2022-02-18,-0.0002654303090962228,,,,,,0.0012700758793708095,,,,,,,,,-0.0010311638152350902,0.0005333845853785178,,,,,0.003012753963963324,0.0002847301521610245,,0.011741712971819557,,,,0.011529968603832869,,,,,,,,,,0.011529968603832869,,,,,,,,,,,,,,-0.007008026900176118,-0.0006753317834597166,,,,0.0008155266676416942,,,,,0.008727815009104672,,,,,,,,,,,,,-0.0006753317834597166,,,,-0.0006753317834597166,,0.006982587608127287,,,,,,,,,-0.0022328521217325737,,,,,,,,,,,0.011741712971819557,,,0.004869481874473765,,,,,,0.0008155266676416942,,,,,,,,,0.00033675029584497577,,0.006982587608127287,-0.04604381056885715,,,,,,,,,,,,,,0.0002654303090962228,,,,-0.0077563500399727685,,,,,,,,,,-0.0006753317834597166,,,,,,,,,,,,,,0.0008155266676416942,,,,,,,,,,,,,,,,,,,,,,,,
2022-02-19,-0.002747177519808976,,,,,,0.003356336549301854,,0.00045098870469126567,,,,,,,0.0013863194780263986,,,,,,,,,,,,,,,,,,,,,,,,,-0.002269544888217785,,,,,,,,,,,,,,,,,-0.0012140029119596836,,,,,,,,,,,,,,,0.002883125218010525,,,,,,,,,-0.008103516924635477,,,,,,,,,,,,,,,,,,,,,,,,,,,,,,,,,,,,,,-0.008103516924635477,,-0.008103516924635477,,,,,,,,,,,,,,,,,,,,,,,,,,,-0.008103516924635477,,,,,,,,,,,-0.002269544888217785,,,,,,,,,,,,,,,,,,,,,,,,,,,,,
2022-02-20,0.00040185366490288164,,,,,,,,,,,,,,,-0.0006718316277107774,,,,,,,,,,,,,,,,,,,,,,,,,,,,,,,,,,,,,,,,,,,,,,,,,,,,,,,,,,,,,,,,,,,,,,,,,,,,,,,,,,,,,,,,,,,,,,,,,,,,,,,,0.002045241207901384,,,,,,,,,,,,,,,,,,,,,,,,,,,,,,,,,,,,,,,,,,,,,,,,,,,,,,,,,,,,,,,,,,,,,
2022-02-21,0.00040185366490288164,,,,,,,,,,,,,,,-0.0006718316277107774,,,,,,,,,,,,,,,,,,,,,,,,,,,,,,,,,,,,,,,,,,,,,,,,,,,,,,,,,,,,,,,,,,,,,,,,,,,,,,,,,,,,,,,,,,,,,,,,,,,,,,,,0.002045241207901384,,,,,,,,,,,,,,,,,,,,,,,,,,,,,,,,,,,,,,,,,,,,,,,,,,,,,,,,,,,,,,,,,,,,,
2022-02-22,0.00040185366490288164,,,,,,,,,,,,,,,-0.0006718316277107774,,,,,,,,,,,,,,,,,,,,,,,,,,,,,,,,,,,,,,,,,,,,,,,,,,,,,,,,,,,,,,,,,,,,,,,,,,,,,,,,,,,,,,,,,,,,,,,,,,,,,,,,0.002045241207901384,,,,,,,,,,,,,,,,,,,,,,,,,,,,,,,,,,,,,,,,,,,,,,,,,,,,,,,,,,,,,,,,,,,,,
2022-02-23,0.00040185366490288164,,,,,,,,,,,,,,,-0.0006718316277107774,,,,,,,,,,,,,,,,,,,,,,,,,,,,,,,,,,,,,,,,,,,,,,,,,,,,,,,,,,,,,,,,,,,,,,,,,,,,,,,,,,,,,,,,,,,,,,,,,,,,,,,,0.002045241207901384,,,,,,,,,,,,,,,,,,,,,,,,,,,,,,,,,,,,,,,,,,,,,,,,,,,,,,,,,,,,,,,,,,,,,
2022-02-24,-0.0035598472605356487,,,,,0.005603217800240892,0.0006002399699835403,,0.00024581497101293327,,,,-0.005241420121967438,,,-0.001322378639229993,,,,,,-0.0012248417346796552,,,,,,,,,0.002923510417302252,,,,,-0.0016040140768747405,,,,,,,,,,,,,,,,,,,,,,,,,,,,,,,,,,,,,0.0021601561257127344,,,,,,,,,,,,,,,,,,,,,,,,,,,,,0.011327354667408772,,,,,,,,-0.0013592338551119553,,,,,0.0034720966887779947,,,,-0.0017985169884580797,,,,-0.004531955296077219,,,,,,,,,,,,,,,0.00401945114326925,,-0.0024397241986458284,,,,,,,,,,,,,,,,,,,,,,,,,0.0022270692513727997,0.0016284968828188375,,,,,-0.0013592338551119553,,,,,,,-0.0017985169884580797,,,,,,,,,,,
2022-02-25,-0.0010482497713390636,,,,,-0.0032517158289361325,,,-0.003674811698981662,,,,,,,0.0004809302901256844,,,,,,-0.00333288782843867,,,,,,0.00017646237234760723,-0.002459832851022857,-0.009357481644768025,,,,,,-0.0043405981497001405,,,-0.006249954870319081,,,,,,,-0.002459832851022857,,,,,,,-0.0014050690238088148,,,,,-0.006249954870319081,,,,,,,,,,,,,,,0.002903537340912349,,,,,,,,,,,,,,,,,,-8.150224809266946e-05,,,,,-0.014782550633929442,,,,,,,,,,,,,,-0.002472134721702519,,,,,,,,,,,0.0018994466315059911,,,,,,0.002903537340912349,,,0.005134752868908422,,,,,,,0.005134752868908422,,0.0018994466315059911,,-0.0010484891008017963,,,,,,,,0.0008603285812754996,,,,,,,,,,,,,,,,-0.00010615898636023792,,,,,,,,,,,,,,,,,,,,,,,,
2022-02-26,-0.0010482497713390636,,,,,-0.0032517158289361325,,,-0.003674811698981662,,,,,,,0.0004809302901256844,,,,,,-0.00333288782843867,,,,,,0.00017646237234760723,-0.002459832851022857,-0.009357481644768025,,,,,,-0.0043405981497001405,,,-0.006249954870319081,,,,,,,-0.002459832851022857,,,,,,,-0.0014050690238088148,,,,,-0.006249954870319081,,,,,,,,,,,,,,,0.002903537340912349,,,,,,,,,,,,,,,,,,-8.150224809266946e-05,,,,,-0.014782550633929442,,,,,,,,,,,,,,-0.002472134721702519,,,,,,,,,,,0.0018994466315059911,,,,,,0.002903537340912349,,,0.005134752868908422,,,,,,,0.005134752868908422,,0.0018994466315059911,,-0.0010484891008017963,,,,,,,,0.0008603285812754996,,,,,,,,,,,,,,,,-0.00010615898636023792,,,,,,,,,,,,,,,,,,,,,,,,
2022-02-27,-0.0010482497713390636,,,,,-0.0032517158289361325,,,-0.003674811698981662,,,,,,,0.0004809302901256844,,,,,,-0.00333288782843867,,,,,,0.00017646237234760723,-0.002459832851022857,-0.009357481644768025,,,,,,-0.0043405981497001405,,,-0.006249954870319081,,,,,,,-0.002459832851022857,,,,,,,-0.0014050690238088148,,,,,-0.006249954870319081,,,,,,,,,,,,,,,0.002903537340912349,,,,,,,,,,,,,,,,,,-8.150224809266946e-05,,,,,-0.014782550633929442,,,,,,,,,,,,,,-0.002472134721702519,,,,,,,,,,,0.0018994466315059911,,,,,,0.002903537340912349,,,0.005134752868908422,,,,,,,0.005134752868908422,,0.0018994466315059911,,-0.0010484891008017963,,,,,,,,0.0008603285812754996,,,,,,,,,,,,,,,,-0.00010615898636023792,,,,,,,,,,,,,,,,,,,,,,,,
2022-02-28,-0.0021487371626258854,,,,,,0.004091974211513278,,3.8078335549140106e-05,,,,-0.0006177816150596841,-0.005872198445689601,,5.644146990694014e-05,,0.002425489930153561,,,,,,,,,,,-0.0037747163653057726,,0.001663375665382739,,-0.006380341008620053,,,-0.002112840515494951,,,0.002425489930153561,,,,,,,-0.0020214380649293436,,0.0021487371626258854,,,,,,,,,,0.0025049005703973713,,,,,,,,,,,,,,,0.0019279166882336654,-0.0032010355759187975,,-0.0032928051259313385,,,,,,,,,,,,,,,0.0007673412819543559,,,,,,,,-0.0028191607541689263,,,,0.00046421455633250297,,-0.0020214380649293436,,,,,,,,,,,,0.0025049005703973713,,,0.00034767093141701406,,,,,,,,,,,,,,,,,-0.003749017789291642,,,,,,,,,,,,-0.0020214380649293436,,,,,,,,,,,,,-0.0028191607541689263,,,-0.006729335564456931,,,,,,,,,,,,,,,,,,,,,,,,
2022-03-01,-0.000631144975170967,,,,,,0.007588112282827624,,,,,,,,,-0.0014798082100450595,,,,,-0.0012480950601587468,0.007006968779106545,-0.0014780599737443732,,0.0010914389905304679,,,-0.004749360836718567,,,,,,,,0.0006163946784665294,,0.00243580301412848,,,,,,,,3.246359421184232e-05,,,,,,,0.007423963995064217,,,,,,,,,,,,,,,,,,,,0.0010914389905304679,,,,,,,,,,0.005426349770375767,,,,,,,,0.0002675810111919125,,,,,,,,-0.007117455971880251,,,0.00016662385479637184,,,,,,,,,,,,,0.0002675810111919125,,,,-3.801658069465402e-05,0.012643156987182966,0.007682585231843401,0.0032282276630111327,,,,,,,,,,,,,,,0.0010734008584624825,,,,-0.001076421985847717,,,,,,,,,,,,,,,,,,,,,,,,0.0002291676183803007,,,,,,0.0007443892376676489,,0.026560272027893496,,,,,0.0005507176292942921,,,,-0.0012480950601587468,,,,,,,
2022-03-02,-0.000631144975170967,,,,,,0.007588112282827624,,,,,,,,,-0.0014798082100450595,,,,,-0.0012480950601587468,0.007006968779106545,-0.0014780599737443732,,0.0010914389905304679,,,-0.004749360836718567,,,,,,,,0.0006163946784665294,,0.00243580301412848,,,,,,,,3.246359421184232e-05,,,,,,,0.007423963995064217,,,,,,,,,,,,,,,,,,,,0.0010914389905304679,,,,,,,,,,0.005426349770375767,,,,,,,,0.0002675810111919125,,,,,,,,-0.007117455971880251,,,0.00016662385479637184,,,,,,,,,,,,,0.0002675810111919125,,,,-3.801658069465402e-05,0.012643156987182966,0.007682585231843401,0.0032282276630111327,,,,,,,,,,,,,,,0.0010734008584624825,,,,-0.001076421985847717,,,,,,,,,,,,,,,,,,,,,,,,0.0002291676183803007,,,,,,0.0007443892376676489,,0.026560272027893496,,,,,0.0005507176292942921,,,,-0.0012480950601587468,,,,,,,
2022-03-03,-0.0006045589761442172,,,,,,-0.0011338099774554574,,-0.0012518651796469015,,,,,,,-0.0009016240136026086,-0.0013420429521040361,,,0.0017174507140359566,,0.0017777942437681752,,0.006610564982150217,,,,,,,0.006388248970360534,,,,,,-0.0025733532626313962,,,,,,,,,,,,,,,,,,,,0.0007838562024010424,0.0006045589761442172,,,,,,,,,,,,,,,,,,0.005930588041045701,,,,,,,,,,,,,,,-0.001234517951777237,,,,,,,,,,,,,,,,,,,,,,,,-0.001311822894883279,,,,,0.0043818592124140986,,,,,,,,,,,,,,,,,,,,,,,,,,,,,,,,,,,,,,,,,,,,0.009756201696012424,,,,,,,-0.0020180718646714115,,,,,,,,,,,,,,,,,,
2022-03-04,-0.0006045589761442172,,,,,,-0.0011338099774554574,,-0.0012518651796469015,,,,,,,-0.0009016240136026086,-0.0013420429521040361,,,0.0017174507140359566,,0.0017777942437681752,,0.006610564982150217,,,,,,,0.006388248970360534,,,,,,-0.0025733532626313962,,,,,,,,,,,,,,,,,,,,0.0007838562024010424,0.0006045589761442172,,,,,,,,,,,,,,,,,,0.005930588041045701,,,,,,,,,,,,,,,-0.001234517951777237,,,,,,,,,,,,,,,,,,,,,,,,-0.001311822894883279,,,,,0.0043818592124140986,,,,,,,,,,,,,,,,,,,,,,,,,,,,,,,,,,,,,,,,,,,,0.009756201696012424,,,,,,,-0.0020180718646714115,,,,,,,,,,,,,,,,,,
2022-03-05,-0.0017850497284057248,,,,,,,,,,,,,,,0.00039274613178309726,,,,,,,,,,,,,-0.00023782221031474278,,,,,,,-0.00023782221031474278,,,,,,,,,,,,,,,,,,,,,,,,,,,,,,,,,,,,,,-0.006332492279874157,,,,,,,,,,0.009343628715556144,,,,,,,0.0019165950970879294,,,,,,,,,,,-0.00022720681593139665,,,,,,,,,,,,,,,,,,0.002023245207098246,,-0.012037018501649087,,,,,,,,,,,,,,,,,,,,,,,,,,,,,,,,,,,,,,,,,,,,,,,,,-0.00022720681593139665,,,,,,,,,,,,,,,,,,
2022-03-06,-0.002332448353635544,,,,,,0.008834286085583213,,,,,,,,,0.0005352199756704021,,0.0030651470477832967,,,,0.00023704753959197418,0.0030651470477832967,,,,,,,,,,,,,-0.005221192705507421,,,0.0030651470477832967,,,,,,,,,,,,,,,,,,,,,,,0.0006367941516433209,,,,,,,,,,,,,,0.002275091957182733,,,,,,,,,,,,,,,,,,,,,,,-0.0015094793720200825,,,-0.0025983986871789323,,,,,,,,-0.00028322586562672244,,,,,,,,,,0.0030651470477832967,,-0.0018267533401785632,,,,,,,,-0.0018876702058719112,,,,,,,,,,,6.384581280069641e-05,,,,,,,,-0.0015111722220581317,,,,,,,,,,,,,-0.0015094793720200825,,,0.0028606694458559044,,,,,,-0.0025983986871789323,,,,,,,,,,,,,,,,,,-0.0034709935338223326
2022-03-07,-0.0023557024235799345,,,,,,,,,,,,,,,0.0021486971190064945,,,-0.0019379711060945014,,,0.0007321938191843726,0.0023557024235799345,,,,,,,,,,,,,0.0008510995662265992,,0.0019302009275166741,,,,,,,,,,,,,1.4837356894545784e-05,,-0.0019379711060945014,,,,,,,,,5.692734230181278e-05,,,,,,,,,,,,,,,,,,,,,,-0.0019379711060945014,,,,,,,-0.0010809443774916854,,,,,,,,,,,-0.0022850384388627062,,,,,,,,-0.0022850384388627062,,,,,,,,,,0.001632722821055615,,0.0013462471929194136,,,,,,,1.4837356894545784e-05,,,,,,,,,,,,,,,,,,,,-0.0019416127205063773,,,,,,,,,,,,,,,,,,,0.0013462471929194136,,,-0.0021912992708605786,,,,,,,,,,,,,,,,,,
2022-03-08,-0.002356287689950623,,,,,,0.0040315452869820675,,0.0040315452869820675,,,,,,,-0.00036407263527136113,,,0.0022171625975715616,,,0.0012330232497633315,-0.0001078551810530337,,,,,,,,,,,,,0.0017352738231816382,,,,,,,,,,,,,,,,,-0.00264953215959356,-0.0001078551810530337,,,,,,,,,,,,,,,,,,,,,,,,,,,,,,0.0004732919307385468,,,,,0.000761478565819795,,,,,,,,,,,,,-0.002012339427652822,,,,,,,,-0.0031003116983203474,,,,,,,,,,0.0018033631337416962,,,,,,,,,,0.000761478565819795,,,,,,,,,,,,,,,,0.0026072816259371297,,,,,,,,,,,,,-0.0001078551810530337,-0.0001078551810530337,,,,,,,,,,,-0.002012339427652822,,,,,,,,,,,,,0.002496830889416559,,,,,
2022-03-09,-0.0014509522460673533,,,,,,0.00725911686604744,,,,,,,,,-0.0015234223150663879,,,,,,0.0006515506771395321,,-0.0009621751670600602,,,,,,,,,,,,0.0013530604866594197,,,,,,,,,,,,-0.002390383514421098,,,,,-0.0026642006103124545,,,,,,,,,,,,,,,,,,,,0.002121224980042808,,,,,,,,,,,,,,,,,,-0.017436317733966096,,,,,,,,0.0027274860013743554,,,-0.0005982280818015019,,,,,,,,-0.0005982280818015019,,,,,0.003498269850541978,,,,,0.0033923599557415633,0.0061786375713321065,,,,,,,,,,,,,,,,-0.002889325531710428,,,,-0.007254324395188197,,,,,,,,0.00610673472790981,,,,,,,,,,-0.010131289685304665,,,,,,0.0023041363290651007,,,-0.002094988862180695,,,-0.0005982280818015019,,,,,,,0.002121224980042808,,,,,,,,,,,-0.0009621751670600602
2022-03-10,-0.0011019545340955428,,,0.004447163358756418,,,0.002484121329867474,,-0.0020147666751922826,,,,,,,-0.00019960311130575348,,0.004447163358756418,,,,0.0014716234172366862,,,,-0.0011395971087070926,,,,,,,,,,-0.0002496721740938698,,0.0009275376533321555,,,,,,,,,-0.0021526181405122826,,,-0.023944224358237176,,,,,,,0.003950682143715823,,,,,,,,,,,,,,,,-0.002121454579198331,,,,,,,,,,,,,,,,,,-0.004615598353268658,,,,,,,,,,,,,,,,,,,,,,,,-0.0014890503788907961,,,,,0.0023033360142233816,5.9654525409708276e-05,,,,,,,,,0.003003376375094425,,-0.001999232777618075,,,,,-0.0002672292827470841,,,,,,,,,,,,,,,,,,,,-0.0020147666751922826,,-0.0009424081358421039,,,,,,-0.0012968690828027284,,,,,,,,,-0.0011395971087070926,,,,,,,,,,,,,,,0.0008355322386714251
2022-03-11,-0.0014294767952272313,,,,,,0.000944138467202465,,0.002236335386657513,,,,,,,-0.00024149348094500232,,0.002236335386657513,,,-0.0025168531179535093,,,,,,,,,,,,,,,-0.0035358070834490317,,,,,,,,,,,-0.0018943144872991854,,,,,,,,,,,,,,,0.000930302062789697,,0.00014128953681667375,,,,,,,,,,,,,-0.0019855798791905757,,,,,,,0.0001690425920846928,,,,,,,-0.0003663619897595553,,,,,,,,0.00014128953681667375,,,-0.00029879309139826666,,-0.020087467798640464,,,,,,,,,,,,,,,,,,-0.003757783293993633,,,,,,,,-0.0008492938943077224,,0.00025122496746407866,,,,,,,,,-0.000745584088968088,,,,,,,,0.001795479923638971,,,,,,,,,,,,,,,,-0.0009874694126139635,,,,,,-0.00029879309139826666,,,,,,,,,,,,,,,,,,
2022-03-12,-0.0006568941257881642,,,,,,,,,,,,,,,6.7528756198086e-05,,,,,,,,,,,,,,,,,,,,0.004384660661095433,,0.004384660661095433,,,,,,,,,,,,,,,,,,,0.005587310382668045,,,,,,,,,,,,,,,,-0.0011850672342183554,-0.002735075047995974,,,,,,,,,,,,,,,,,,,,,,,,,,,,,,,,,,,,,,,,,,,,,,,-0.004231442303491579,,,,,,,,,,,,,,,,,,,,,,,,,,,,,,,,,,,,,,,,,,,,,,,,,,,,,,,,,,,,,,,,,,,,
2022-03-13,-0.002173926672313157,,,,,,-0.0009663873558034752,,,,,,,,,0.0003441202363784245,,,,,,-0.004209731163626843,,,,,,,,,,,,,,-0.03627775238433901,,,,,,,,,,,,,,,,,0.0020738962880839473,,,,,,,,,,,,,,,,,-0.00139474043052394,,,,,,,,,,,,,,,,,,,,,,,,,,,,0.00871709273191942,,,,-0.0009424222367832007,,,,,,,,,,,,,,,,,,,,-0.00139474043052394,,,,,,,,,,,,,,,,,,,,,,,,,,,,,,,,,,,,,,,,,,,,,0.00871709273191942,,,,-0.0009424222367832007,,,,,,,,,,,,,,,,,,
2022-03-14,-0.0014075025942875705,,,,,,0.006966805364311866,,-0.0023779800155793182,,,,,,,0.0003682259283698617,,,,,,0.0032985730690595636,-0.002018121169218903,-0.006831765758682691,,,,0.001415271008536701,-0.00586049894595118,-0.030528625150223424,,,,,,0.0016110763031208682,,,,,,,,,,0.005314363041232408,,,,,,,-0.0004166028285824128,,,,-0.006831765758682691,,-0.03261662360428948,,,,,,,,,,,,,,0.002773736132393288,,,,,,,,,,,,,,,,,,-0.0027655843105119614,,,,,,,,0.004148370024011724,,,0.004458795511548135,,,,,,,,-0.006831765758682691,,,,,,,,,,,,,,,,,,,,-0.010662656795343525,,,,,,,,,,,-0.010602247266455414,,,,,,,,-0.002794212137939227,,,,,,0.002370689587410417,,,0.004729680404238019,,,,,,,-0.0006443078796632862,,0.005297423032448208,,,,0.003468987777597337,,,,,,,,,,,,,,,,,,
2022-03-15,-0.0014075025942875705,,,,,,0.006966805364311866,,-0.0023779800155793182,,,,,,,0.0003682259283698617,,,,,,0.0032985730690595636,-0.002018121169218903,-0.006831765758682691,,,,0.001415271008536701,-0.00586049894595118,-0.030528625150223424,,,,,,0.0016110763031208682,,,,,,,,,,0.005314363041232408,,,,,,,-0.0004166028285824128,,,,-0.006831765758682691,,-0.03261662360428948,,,,,,,,,,,,,,0.002773736132393288,,,,,,,,,,,,,,,,,,-0.0027655843105119614,,,,,,,,0.004148370024011724,,,0.004458795511548135,,,,,,,,-0.006831765758682691,,,,,,,,,,,,,,,,,,,,-0.010662656795343525,,,,,,,,,,,-0.010602247266455414,,,,,,,,-0.002794212137939227,,,,,,0.002370689587410417,,,0.004729680404238019,,,,,,,-0.0006443078796632862,,0.005297423032448208,,,,0.003468987777597337,,,,,,,,,,,,,,,,,,
2022-03-16,-0.0008613741664319466,,,,,,0.00292274189326024,,,,,,,,,-4.9296923016295554e-05,,,,,,0.006749253691104084,,,,,,-0.02688624315773261,,,,,,,,0.0025884735520994343,,,,,,,,,,,,,,,,,-8.120554304506778e-05,,,,,0.00025753981832144445,,,-0.0025918387825853485,,,,,-0.0003976160514709958,,,,,,,,,-0.0025918387825853485,,,,,,,,,,,,,,,,-0.005682700174252545,,,,,,,,,,,,,,,,,,,-0.00397998950393587,,,,,,,,,,-0.0018535272487104127,,,,,,,,,,,,,,,,,,,,,-0.002662037980067817,,,,,,,,,,,,,,,,,,,,,,,,,,,,,,,,,0.000589486285743599,,,,,,,,,,,,,,,
2022-03-17,-0.00039254347792103556,,,,,,-0.000276644781941932,,,,,,,,,0.0010392623621083472,,,,,,-0.00011352337386360954,,,,,,,-0.0023347540429655197,,,,,,,,,,,,,,,,,,,,,,,,,,,,,,,,,,,,,,,,,,,,,,,,,,,,,-0.0015418292087366313,,,,,,,,,-0.0014351280717775662,,,,,,,,0.035628625225630685,,,-0.0019036499279767175,,,,,,,,,,,,,,,-0.0015418292087366313,,,-0.006385968638669356,,,,,,,,,,,,,,,,,0.0020691580577614226,,,,,,,,,,,,-0.0015088658764041126,,,,,,,,,,,,,,,,0.0026828340788001286,,,,,,-0.0019036499279767175,,,,,,,,,,,,,,,,,,
2022-03-18,-0.0006540629625401918,,,,,,-0.005409825804766969,,-0.001522807785759136,,,,,,-0.0030367093684778024,-0.0005218239042599508,,,,,,0.0012929130820628762,,,,,,,0.0014632291976515344,,0.0028470161847986668,,,,,0.0006540629625401918,,,,,,,,,,,,,,-0.0006210169771253789,,,0.0014632291976515344,,,,,,,,,,,,,,,,,,,,,,,,,,,,,,,,,,,,,,-0.002981147687819195,,,,,,,,-0.0035045520941365113,,,,,,,,,,,,,,,,,,,,,0.0016531763286927997,0.0014632291976515344,,,,,,,,,,,,,,,,-0.018014946481782222,,,,,,,,,,,,-0.011438151612173347,,,,,,,,,,,,,,,,,,,,,,,,,,,,,,,,0.00580340374789388,,,,,,,,
2022-03-19,-0.0019395735310174494,,,,,,,,,,,,,,-0.0017503272106525996,0.002107495037452038,,,,,,,,,,,,,,,-0.0028002871170794965,,,,,,,,,,,,,,,,,,,,,,,,,,,,,,,,,,,,,,,,,,,,,,,,,,,,,,,,,,-0.0027554477695528696,,0.002181910532121294,,,,,,,,,,,,,-0.0027554477695528696,,,,,,,,,,,,,,,,,,-0.0027554477695528696,,,,,,,,,,,,,,,,,,,,,,,,,,,,,,,,,,,,,,,,,,,,,,-0.0027554477695528696,,,,,,,,,,,,,,,,,,,,,
2022-03-20,-0.000794102934496801,,,,,,-0.003836223387750761,,,,,-0.0005045983642044977,,,,0.0014213057701726426,,0.013666259702222527,,,,0.0019182442991373817,,,,,,,,,0.003669153247877285,,,,,0.0010580543268349715,0.001281192029180832,,,,,,,,,,,,,,,,-0.006571593699706795,,,,,,,,,,,,,,,,,,,,,,,,,,,,,,,,,,,,-0.011009485356343622,,,,,,,,,,,,,,,-0.011009485356343622,,,,,,,,,,,,,,,,0.00010588353015069567,,,,,,,,,,,,,,,,,,,,,,,,,,,,,,,,,,,,,,,,,,,,,0.001281192029180832,,,-0.011009485356343622,,,,,,,,,,,,,,,,,,,,,
2022-03-21,-0.001223993223019901,,,,,,-0.0008396567137294601,,,,,,,,,0.0011032998006582366,,,,0.00043166297977451627,,,,,,,,,0.0042565518754611046,-0.004874559387160628,-0.0016361106828725852,,,,,0.0002719768326406169,-0.004246690749243736,,,,,,,,,,,,,,0.033268428172816916,,-0.0030844937114680986,,,,,,,,-0.03994944990616181,,,,,,,,,,,,,,,0.0006945864488582833,,,,,,,,,,,,,,,,,,,,,,,-3.863303960636023e-05,,,,,,,,,,,-0.0037529882377241516,,,,,,,0.0004426093673343687,,,,-0.000534408170626848,-0.0024546900847612144,,,0.00043166297977451627,,,,,-0.0010108647304092626,,,,,,,0.0022914769702831518,,,,-0.024369782370755703,,,,,,0.0023255921151261573,,-0.0014793511740049776,,,0.004249482974173371,,,,,,,,,,-3.863303960636023e-05,,,0.002600998864137777,,,,,,,,,,,,,,,,,,,,,,,,
2022-03-22,-0.00021224693092893686,,,,,,-0.007001731931571429,,,,,,,,,0.00032282727154377746,,,,,0.0012297479484299572,0.0014617506062571664,,,0.004191871254392809,,,-0.01961328835852385,-0.00013111464129248767,,,,,,,0.001024858665042377,,,,,,,,,,,,,,,,,-0.00089757890950667,,,,0.0025690595993999345,,,,,,,,,,,,,,,,0.0011008250854803471,,,,,,,,,,,,,,,,,,-0.0017674104509707933,,,,,0.0005803270251574411,,,0.0015058642232088262,,,,,-0.0012881596792624292,-0.0017829645614892615,,,,,0.0009207256499994131,,,,,,,,,,-0.0010973049404206887,,,,,,,,,,,,,,,,0.003007729431208494,0.002289107805813745,,,,-0.002917385283455875,0.006131919547295542,,,,,,,,,,,,,,,,,,,,,,,0.00103719281490698,,,,,,0.0053905847576416945,,,,,,,,,,,,,,,,,,
2022-03-23,-0.0008373087444123673,,,,,,0.0013892003681930322,,,,,,0.0016980816036702663,,,-0.0010544472549121864,,,,,,,,,,,,,,,-0.0019820905416429724,,,,,,,,,,,,,,,,,,,,0.0016980816036702663,,0.001830110928577175,,,,,,,,,,,,,,,,,,,,0.0008006751002246824,,,,,,,,,,,,,,,,,,-0.0019504536397562861,,,,,,,,,,,,,-0.002887132279064031,,,,,,,,,,,,,,,,0.00816331607041968,,,,,,,,,,,,,,,,,0.004157746622022951,,,,0.0025200809433328685,,,,,,,,-0.015762751742471798,0.0017835391988395427,,,,,,,,,,,,,,,0.0024465383900851264,,,,,,,,,,,,,,,,,,,,,,,,0.0017835391988395427
2022-03-24,-0.0008373087444123673,,,,,,0.0013892003681930322,,,,,,0.0016980816036702663,,,-0.0010544472549121864,,,,,,,,,,,,,,,-0.0019820905416429724,,,,,,,,,,,,,,,,,,,,0.0016980816036702663,,0.001830110928577175,,,,,,,,,,,,,,,,,,,,0.0008006751002246824,,,,,,,,,,,,,,,,,,-0.0019504536397562861,,,,,,,,,,,,,-0.002887132279064031,,,,,,,,,,,,,,,,0.00816331607041968,,,,,,,,,,,,,,,,,0.004157746622022951,,,,0.0025200809433328685,,,,,,,,-0.015762751742471798,0.0017835391988395427,,,,,,,,,,,,,,,0.0024465383900851264,,,,,,,,,,,,,,,,,,,,,,,,0.0017835391988395427
2022-03-25,-0.0006274883493153741,,,,,,-0.0005473005554850911,,,,,,,,,0.0009920919290399332,,,,,,-4.531417529266002e-05,,,,,,,,,,,,,0.0013446977898407815,-0.00018395362883836565,,,,,,,,,,,,,,,0.007735566680338582,,,,,,,,,,,,,,,,,,,,,,0.0014363194912555342,,,,,,,,,,,,,,,,,,,,,,,,,,0.005922415808809177,,,-0.0003998269256461042,,,,,,,,-0.0003998269256461042,,,,,,,,,,-0.0033779590591601393,,-0.005903614760818809,,,,,,0.0016339903522543608,,,,,,,,,0.0013446977898407815,,,,,,,,,,,,0.008133787980989378,,,,,,,,,,,,,,,,0.00037316835744579465,,,,,,-0.0003998269256461042,,,,,,,,,,,,,,,,,,
